Species,Date ,Location
Amur Falcon,26-Nov-17,Changi Coast
Amur Falcon,16-Dec-16,Seletar Dam
Amur Stonechat,11-Apr-21,Raffles Marina
Ashy Drongo,18-Nov-18,Kranji Marshes
Ashy Drongo,18-Mar-23,Mount Faber Park
Ashy Drongo,2-Aug-23,Nanyang Technological University
Ashy Drongo,8-Dec-16,Old Bidadari cemetery
Ashy Drongo,12-May-23,Pulau Ubin
Ashy Drongo,6-Jun-18,Punggol Promenade Nature Walk
Ashy Drongo,6-Mar-23,Singapore Botanic Gardens
Ashy Drongo,24-Mar-19,Telok Blangah Hill Park
Asian Dowitcher,28-Aug-22,Marina East Drive
Asian Dowitcher,16-Sep-23,New reclamation land at P. Tekong
Asian Dowitcher,1-Sep-16,Pulau Tekong
Asian Dowitcher,9-Sep-17,Pulau Tekong
Asian Dowitcher,3-Oct-18,Pulau Tekong
Asian Dowitcher,3-Sep-23,Sungei Buloh Wetland Reserve
Asian Openbill,16-Jan-19,Turut Track
Band-bellied Crake,28-Apr-19,Temasek Polytechnic
Barn Swallow,14-Dec-21,Gardens by the Bay
Barn Swallow,11-Nov-22,Kranji Marshes
Barn Swallow,21-Mar-21,Kranji Marshes
Barn Swallow,14-Dec-21,Marina East Drive
Barn Swallow,21-Dec-19,Neo Tiew Harvest Lane
Barn Swallow,12-Dec-21,Neo Tiew Harvest Lane
Barn Swallow,7-Jan-22,Neo Tiew Harvest Lane
Barn Swallow,2-Dec-23,Pasir Ris Farmway 3
Barn Swallow,12-Nov-21,Sembawang
Barn Swallow,7-Nov-22,Sungei Tengah
Barn Swallow,7-Nov-22,Sungei Tengah
Barn Swallow,6-Oct-20,Turut Track
Barn Swallow,6-Apr-21,Turut Track
Barn Swallow,22-Dec-21,Turut Track
Barn Swallow,8-Jan-22,Turut Track
Barred Eagle-Owl,20-Apr-23,Bukit Batok Nature Park
Barred Eagle-Owl,27-Apr-19,Bukit Brown Cemetery
Barred Eagle-Owl,31-Oct-16,Bukit Timah Nature Reserve
Barred Eagle-Owl,9-May-23,Central Catchment Nature Reserve
Barred Eagle-Owl,1-Apr-20,Dairy Farm Nature Park
Barred Eagle-Owl,28-Dec-21,Labrador Nature Reserve
Barred Eagle-Owl,31-Jul-15,Pulau Ubin
Barred Eagle-Owl,16-Sep-18,Pulau Ubin
Barred Eagle-Owl,7-Apr-19,Pulau Ubin
Barred Eagle-Owl,9-Oct-21,Rifle Range Link
Barred Eagle-Owl,22-Jan-22,Rifle Range Link
Barred Eagle-Owl,17-Feb-22,Rifle Range link
Barred Eagle-Owl,16-Sep-23,Rifle Range Link
Barred Eagle-Owl,18-May-19,Seletar Expressway
Barred Eagle-Owl,23-Jul-22,Singapore Quarry
Barred Eagle-Owl,16-Jun-23,Singapore Quarry
Barred Eagle-Owl,16-Jul-23,Singapore Quarry
Barred Eagle-Owl,2-Aug-19,Tree Top Walk
Barred Eagle-Owl,22-Oct-19,Windsor Nature Park
Bat Hawk,3-Dec-22,Neo Tiew Harvest Lane
Besra,15-Mar-18,Henderson Waves
Besra,8-Nov-20,Henderson Waves
Besra,9-Nov-20,Henderson Waves
Besra,6-Nov-22,Henderson waves
Besra,18-Oct-19,Jelutong Tower
Besra,16-Nov-22,Mount Faber Park
Besra,3-Nov-19,Singapore Quarry
Besra,13-Nov-15,Sister's Island
Besra,18-Nov-17,Telok Blangah Hill Park
Besra,17-Oct-22,Telok Blangah Hill Park
Besra/Shikra,31-Oct-19,Henderson Waves
Besra/Shikra,4-Nov-22,Telok Blangah
Black Drongo,8-Nov-20,Marina South Drive
Black Drongo,20-Dec-17,Pasir Ris Park
Black Drongo,19-Dec-17,Seletar Airport
Black Drongo,19-Oct-17,Sungei Buloh Wetland Reserve
Black Drongo,10-Nov-21,Tanah Merah Coast Road
Black Drongo,1-Nov-21,Tuas South
Black Hornbill ,27-Jan-16,Pulau Ubin
Black Hornbill ,31-May-23,Pulau Ubin
Black Hornbill ,18-Feb-22,Woodlands Waterfront Park
Black-and-red Broadbill,24-Aug-17,Pulau Ubin
Black-and-red Broadbill,28-Jul-22,Pulau Ubin
Black-and-red Broadbill,25-Apr-23,Pulau Ubin
Black-and-red Broadbill,2-Jul-23,Pulau Ubin
Black-and-red Broadbill,20-Mar-19,Sungei Buloh Wetland Reserve
Black-and-red Broadbill,24-Jun-23,Sungei Buloh Wetland Reserve
Black-backed Swamphen,20-Jul-22,Changi Business Park
Black-headed Gull,5-Dec-20,Marina East Drive
Black-headed Gull,1-Jan-17,Pulau Ubin
Black-headed Gull,4-Feb-18,Pulau Ubin
Black-headed Gull,18-Dec-22,Sungei Buloh Wetland Reserve
Black-headed Gull,19-Dec-21,Sungei Buloh Wetlands Reserve
Black-naped Monarch,20-Mar-21,Clementi Woods Park
Black-naped Monarch,15-Mar-21,Jurong Lake Gardens
Black-naped Monarch,25-Jan-21,Pulau Ubin
Black-naped Oriole,21-Feb-21,Hampstead Park
Black-naped Oriole,30-Jan-22,Pulau Ubin
Black-tailed Godwit,5-Oct-16,Pulau Tekong
Black-tailed Godwit,5-Aug-17,Pulau Tekong
Black-tailed Godwit,13-Aug-16,Seletar Dam (Yishun Dam)
Black-tailed Godwit,29-Aug-18,Sungei Buloh Wetland Reserve
Black-tailed Godwit,14-Aug-21,Sungei Buloh Wetland Reserve
Black-tailed Godwit,9-Sep-23,Sungei Buloh Wetlands Reserve
Black-thighed Falconet,30-May-21,Goldhill
Black-thighed Falconet,18-Jun-22,Lorong Halus Wetlands
Black-thighed Falconet,29-Jul-23,Pasir Ris Farmway 1
Black-thighed Falconet,28-Dec-23,Punggol Seventeenth Avenue
Black-thighed Falconet,12-Feb-21,Yishun Dam
Black-winged Flycatcher-shrike,20-Jan-18,Central Catchment Nature Reserve
Black-winged Flycatcher-shrike,21-Jun-21,Chek Jawa Wetlands
Black-winged Flycatcher-shrike,17-Feb-24,Chek Jawa Wetlands
Black-winged Flycatcher-shrike,22-Apr-19,Dairy Farm Nature Park
Black-winged Flycatcher-shrike,2-Nov-22,Dairy farm Nature Park
Black-winged Flycatcher-shrike,28-Jun-15,Pulau Ubin
Black-winged Flycatcher-shrike,6-May-18,Pulau Ubin
Black-winged Flycatcher-shrike,24-Sep-18,Pulau Ubin
Black-winged Flycatcher-shrike,21-Oct-18,Pulau Ubin
Black-winged Flycatcher-shrike,22-Jun-19,Pulau Ubin
Black-winged Flycatcher-shrike,5-Nov-21,Pulau Ubin
Black-winged Stilt ,16-Feb-20,Jurong Lake Gardens
Black-winged Stilt ,1-Nov-15,Kranji Marshes
Black-winged Stilt ,5-Jun-22,Marina East Drive
Black-winged Stilt ,21-Nov-21,Marina East Drive
Black-winged Stilt ,1-Jan-23,Marina East Drive
Black-winged Stilt ,17-Jun-23,Pasir Ris Farmway 1
Black-winged Stilt ,14-Sep-20,Pulau Tekong
Black-winged Stilt ,16-Apr-22,Sg Buloh Wetlands Reserve
Black-winged Stilt ,3-Dec-23,Sungai Buloh Wetland Reserve
Black-winged Stilt ,8-Aug-22,Sungei Buloh Wetland Reserve
Black-winged Stilt ,13-Oct-22,Tuas South
Black-winged Stilt ,5-Aug-22,Yishun Dam
Black-winged/Pied Stilt,3-May-22,Changi Bay
Black-winged/Pied Stilt,8-Jul-23,Pulau Tekong
Blue Rock Thrush,31-Jan-23,Central Business District
Blue Rock Thrush,4-Dec-23,Central Business District
Blue Rock Thrush,8-Jan-18,Labrador Nature Reserve
Blue Rock Thrush,15-Nov-18,Labrador Villa Road
Blue Rock Thrush,6-Nov-16,Marina East Drive
Blue Rock Thrush,27-Sep-17,Marina East Drive
Blue Rock Thrush,2-Sep-15,Pinnacle@Duxton
Blue Rock Thrush,21-Jan-22,Pinnacle@Duxton
Blue Rock Thrush,9-Nov-23,Pinnacle@Duxton
Blue Rock Thrush,29-Dec-21,Pinnacle@Duxton
Blue Rock Thrush,26-Nov-21,Sentosa
Blue Rock Thrush,2-Nov-17,Sentosa Island
Blue Rock Thrush,19-Mar-21,Singapore Polo Club
Blue Rock Thrush,29-Dec-21,SkyParc@Dawson
Blue Rock Thrush,6-Jan-22,SkyParc@Dawson
Blue Rock Thrush,28-Dec-22,Strathmore Avenue
Blue Rock Thrush,29-Dec-22,Tanjong Pagar
Blue Rock Thrush,3-Nov-19,Tuas South
Blue-and-white Flycatcher,18-Nov-20,Central Catchment Nature Reserve
Blue-and-white Flycatcher,15-Mar-22,National University of Singapore
Blue-and-white Flycatcher,20-Mar-23,Pasir Ris Park
Blue-and-white Flycatcher,11-Jan-24,Singapore Botanic Gardens
Booted Eagle,10-Nov-19,Bukit Timah Nature Reserve
Booted Eagle,6-Nov-16,Changi Business Park
Booted Eagle,23-Feb-20,Coney Island
Booted Eagle,17-Nov-16,Henderson Waves
Booted Eagle,13-Nov-17,Henderson Waves
Booted Eagle,23-Oct-19,Henderson Waves
Booted Eagle,3-Nov-19,Henderson Waves
Booted Eagle,10-Nov-20,Henderson Waves
Booted Eagle,6-Nov-16,Jurong Lake Gardens
Booted Eagle,26-Dec-16,Lorong Halus Wetlands
Booted Eagle,6-Nov-21,Mount Faber Park
Booted Eagle,3-Nov-23,Mount Faber Park
Booted Eagle,27-Oct-22,Nanyang Technological University
Booted Eagle,7-Jan-20,Pasir Ris Park
Booted Eagle,20-Dec-20,Pulau Punggol
Booted Eagle,20-Dec-21,Pulau Ubin
Booted Eagle,21-Nov-19,Singapore Botanic Gardens
Booted Eagle,4-Nov-22,Telok Blangah
Booted Eagle,23-Oct-16,Tuas South
Broad-billed Sandpiper,15-Sep-16,Marina East Drive
Broad-billed Sandpiper,6-Oct-18,Pulau Tekong
Broad-billed Sandpiper,22-Sep-19,Sungei Buloh Wetland Reserve
Broad-billed Sandpiper,24-Sep-21,Sungei Buloh Wetland Reserve
Broad-billed Sandpiper,29-Sep-23,Sungei Buloh Wetland Reserve
Broad-billed Sandpiper,9-Oct-22,Tuas South
Brown Booby,19-May-19,Singapore Straits
Brown-backed Needletail,2-Jan-24,Bukit Timah Nature Reserve
Brown-backed Needletail,8-Jan-24,Bukit Timah Nature Reserve
Brown-backed Needletail,10-Nov-23,Henderson Waves
Brown-backed Needletail,14-Oct-23,Mount Faber Park
Brown-backed Needletail,17-Nov-22,Mount Faber Park
Brown-backed Needletail,24-Oct-23,Mount Faber Park
Brown-breasted Flycatcher,30-Oct-22,Dairy Farm Nature Park
Buff-rumped Woodpecker,2-Mar-15,Bidadari Park
Buff-rumped Woodpecker,5-Aug-18,Pulau Ubin
Buff-rumped Woodpecker,7-Mar-19,Pulau Ubin
Buff-rumped Woodpecker,17-Mar-20,Sime Track
Bulwer's Petrel,12-Nov-16,Straits of Singapore
Bulwer's Petrel,29-Apr-17,Straits of Singapore
Bulwer's Petrel,6-May-17,Straits of Singapore
Caspian Tern,17-Nov-20,Mandai Mudflats
Chestnut-cheeked Starling,20-Mar-21,Dover Road
Chestnut-cheeked Starling,16-Nov-19,Henderson Waves
Chestnut-cheeked Starling,9-Feb-20,Jurong Lake Gardens
Chestnut-cheeked Starling,1-Nov-19,Pandan Reservoir
Chestnut-cheeked Starling,4-Dec-20,The Grandstand
Chestnut-cheeked Starling,5-Dec-20,The Grandstand
Chinese Blue Flycatcher,29-Oct-22,Dairy Farm Nature Park
Chinese Blue Flycatcher,11-Oct-20,Jurong Lake Gardens
Chinese Egret ,1-Apr-23,Chek Jawa Wetlands
Chinese Egret ,6-Aug-16,Pulau Tekong
Chinese Egret ,21-Feb-18,Pulau Tekong
Chinese Egret ,23-Mar-19,Pulau Tekong
Chinese Egret ,6-Feb-21,Pulau Tekong
Chinese Egret ,13-Sep-18,Sungei Buloh Wetland Reserve
Chinese Egret ,6-Oct-19,Sungei Buloh Wetland Reserve
Christmas Frigatebird,26-Jan-22,Marina East Drive
Christmas Frigatebird,7-May-23,Sungai Buloh Wetland Reserve
Cinnamon-headed Green Pigeon,7-Nov-21,Central Catchment Nature Reserve
Cinnamon-headed Green Pigeon,18-Oct-23,Central Catchment Nature Reserve
Cinnamon-headed Green Pigeon,18-Sep-21,Jelutong Tower
Cinnamon-headed Green Pigeon,6-Dec-19,Jurong Lake Gardens
Cinnamon-headed Green Pigeon,7-Oct-22,Jurong Lake Gardens
Cinnamon-headed Green Pigeon,22-Mar-23,National University of Singapore
Cinnamon-headed Green Pigeon,26-Jan-16,Pasir Ris Park
Cinnamon-headed Green Pigeon,26-Jan-20,Pasir Ris Park
Cinnamon-headed Green Pigeon,30-Dec-18,Pulau Ubin
Cinnamon-headed Green Pigeon,29-Jun-19,Pulau Ubin
Cinnamon-headed Green Pigeon,8-Dec-19,Pulau Ubin
Cinnamon-headed Green Pigeon,12-Jun-21,Pulau Ubin
Cinnamon-headed Green Pigeon,25-Jul-21,Pulau Ubin
Cinnamon-headed Green Pigeon,4-Dec-21,Pulau Ubin
Cinnamon-headed Green Pigeon,12-Jun-22,Pulau Ubin
Cinnamon-headed Green Pigeon,22-Apr-23,Pulau Ubin
Cinnamon-headed Green Pigeon,20-May-19,"Ubin, West"
Common Buzzard,29-Oct-23,Henderson Waves
Common Buzzard,17-Nov-23,Mount Faber Park
Common Kestrel,5-Jan-24,Changi Bay
Common Kestrel,20-Jan-23,Redhil CL
Common Kestrel,24-Oct-20,Henderson Waves
Common Kestrel,29-Oct-20,Henderson Waves
Common Kestrel,9-Nov-20,Henderson Waves
Common Kestrel,29-Nov-18,Kranji Marshes
Common Kestrel,18-Nov-22,Lazarus Island
Common Kestrel,12-Dec-22,Marina East Drive
Common Kestrel,6-Nov-21,Mount Faber Park
Common Kestrel,28-Oct-23,Mount Faber Park
Common Kestrel,14-Nov-21,Mount Faber Park
Common Kestrel,15-Jan-22,Seletar Aerospace Crescent
Common Kestrel,11-Oct-20,Tuas South
Common Kestrel,14-Nov-20,Tuas South
Common Kestrel,7-Nov-22,Tuas South
Common Kestrel,25-Dec-22,Tuas South
Common Kestrel,27-Jan-24,Tuas South
Common Kestrel,10-Dec-23,Tuas South
Common Swift,27-Oct-20,Henderson Waves
Common Swift,9-Oct-20,Jelutong Tower
Common Swift,10-Nov-22,Pasir Panjang Canal
Common Tern,21-Sep-19,Pelagic - Straits of Singapore
Common Tern,17-Sep-19,SG - Batam Ferry
Common Tern,16-Oct-22,Singapore Strait
Common Tern,18-Sep-16,Singapore Straits
Common Tern,15-Oct-16,Singapore Straits
Common Tern,21-Apr-18,Singapore Straits
Common Tern,30-Sep-18,Singapore Straits
Common Tern,28-Apr-19,Singapore Straits
Common Tern,24-Sep-22,Singapore Straits
Common Tern,23-Sep-23,Singapore Straits
Common Tern,28-Sep-19,Singapore Straits
Common Tern,18-Oct-20,Singapore Straits
Common Tern,26-Oct-20,Singapore Straits
Common Tern,4-Oct-20,Singapore Straits
Common Tern,2-May-21,Singapore Waters Pelagic: second hour
Cotton Pygmy Goose,2-Mar-21,Bishan-Ang Mo Kio Park
Cotton Pygmy Goose,28-Jan-19,Hampstead Park
Cotton Pygmy Goose,8-Dec-21,MacRitchie Reservoir Park
Cotton Pygmy Goose,25-Nov-23,Singapore Botanic Gardens
Dusky Warbler,13-Jun-23,Bishan-Ang Mo Kio Park
Dusky Warbler,5-May-23,Sungai Buloh Wetland Reserve
Eastern Buzzard,12-Nov-23,Mount Faber Park
Eastern Buzzard,26-Mar-23,Mount Faber Park
Eastern Imperial Eagle,8-Nov-22,Mount Faber Park
Eurasian Curlew,17-Sep-23,Chek Jawa Wetlands
Eurasian Curlew,5-Sep-23,Marina East Drive
Eurasian Curlew,24-Oct-23,Mount Faber Park
Eurasian Curlew,15-Oct-22,P. Tekong
Eurasian Curlew,5-Aug-16,Pulau Tekong
Eurasian Curlew,22-Oct-16,Pulau Tekong
Eurasian Curlew,9-Mar-17,Pulau Tekong
Eurasian Curlew,13-Oct-18,Pulau Tekong
Eurasian Curlew,23-Sep-23,Singapore Strait
Eurasian Curlew,11-Oct-18,Sungei Buloh Wetland Reserve
Eurasian Hobby,23-Oct-20,Henderson Waves
Eurasian Hobby,30-Oct-23,Mount Faber Park
Eurasian Sparrowhawk,17-Nov-16,Henderson Waves
Eurasian Sparrowhawk,26-Nov-17,Henderson Waves
Eurasian Sparrowhawk,10-Nov-22,Mapletree Business Park
Eurasian Sparrowhawk,11-Mar-18,Tampines Eco Green
Eurasian Sparrowhawk,12-Nov-18,Telok Blangah Hill
Eurasian Wigeon ,23-Dec-18,Kranji Marshes
Glossy Ibis,9-May-22,Lorong Halus Wetlands
Great Knot,27-Jan-21,Marina East Drive
Great Knot,9-Sep-21,Pulau Tekong
Great Knot,6-Dec-17,Pulau Ubin
Great Knot,20-Jan-19,Pulau Ubin
Great Knot,1-Sep-16,Sungei Buloh Wetland Reserve
Greater Sand Plover,3-Sep-17,East Coast Park
Greater Sand Plover,31-Aug-16,Pulau Tekong
Greater Sand Plover,3-Jan-18,Pulau Tekong
Greater Sand Plover,3-Feb-20,Pulau Tekong
Greater Sand Plover,22-Sep-20,Pulau Ubin
Greater Sand Plover,19-Oct-20,Pulau Ubin
Greater Sand Plover,30-Aug-23,Seletar Dam
Greater Sand Plover,14-Jul-17,Seletar Dam (Yishun Dam)
Greater Sand Plover,7-Sep-17,Seletar Dam (Yishun Dam)
Greater Sand Plover,11-Sep-22,Sungai Buloh Wetland Reserve
Greater Sand Plover,14-Aug-22,Yishun Dam
Greater Sand Plover,4-Sep-22,Yishun Dam
Green Sandpiper,2-Nov-18,Sungei Buloh Wetland Reserve
Grey-headed Lapwing,27-Feb-23,Holland Plain
Grey-headed Lapwing,23-Oct-16,Kranji Marshes
Grey-headed Lapwing,11-Mar-23,Marina East Drive
Grey-headed Lapwing,16-Nov-19,Neo Tiew Harvest Lane
Grey-headed Lapwing,12-Dec-21,Neo Tiew Harvest Lane
Grey-headed Lapwing,16-Nov-15,Singapore Botanic Gardens
Grey-headed Swamphen,29-Aug-17,Kranji Marshes
Grey-tailed Tattler,2-Aug-21,Pulau Tekong
Grey-tailed Tattler,11-Aug-18,Pulau Tekong
Grey-tailed Tattler,14-Aug-18,Pulau Tekong
Grey-tailed Tattler,8-Dec-17,Pulau Ubin
Grey-tailed Tattler,20-Jan-19,Pulau Ubin
Grey-tailed Tattler,7-Sep-16,Seletar Dam
Grey-tailed Tattler,5-Dec-16,Sungei Buloh Wetland Reserve
Gull-billed Tern,16-May-23,Jurong Lake Gardens
Gull-billed Tern,30-Jun-19,Lorong Halus Wetlands
Gull-billed Tern,25-Sep-22,Marina Barrage
Gull-billed Tern,1-Oct-16,Pulau Tekong
Gull-billed Tern,14-Oct-18,Pulau Ubin
Gull-billed Tern,7-Sep-22,Sea between Changi and Ubin
Gull-billed Tern,10-Sep-21,Seletar Dam
Gull-billed Tern,18-Sep-19,Straits of Johor
Gull-billed Tern,5-May-18,Straits of Singapore
Gull-billed Tern,21-Sep-19,Straits of Singapore
Gull-billed Tern,8-Sep-21,Sungei Buloh Wetland Reserve
Gull-billed Tern,23-Sep-17,Tanah Merah Coast Road
Hair-crested Drongo,26-Nov-19,Changi Business Park
Himalayan Vulture,8-Feb-18,Bukit Timah Nature Reserve
Himalayan Vulture,24-Dec-23,Bukit Timah Nature Reserve
Himalayan Vulture,8-Dec-21,Dairy Farm Nature Park
Himalayan Vulture,10-Jan-20,Dairy Farm Nature Park
Himalayan Vulture,14-Jan-24,Henderson Waves
Himalayan Vulture,30-Jan-21,Marina East Drive
Himalayan Vulture,5-Jan-16,Toa Payoh
Himalayan Vulture,15-Jan-24,Ulu Pandan Park Connector
Himalayan Vulture,11-Jan-20,West Coast Park
Himalayan/Oriental Cuckoo,17-Nov-15,Jurong Lake Gardens
Himalayan/Oriental Cuckoo,21-Nov-18,Kranji Marshes
Horsfield's Bronze Cuckoo,28-May-17,Kranji Marshes
Horsfield's Bronze Cuckoo,11-Aug-17,Kranji Marshes
Horsfield's Bronze Cuckoo,19-Jul-15,Lorong Halus Wetlands
Horsfield's Bronze Cuckoo,26-May-18,Marina Bay
Horsfield's Bronze Cuckoo,20-Aug-23,Marina East Drive
Horsfield's Bronze Cuckoo,24-Jul-17,Punggol End
Horsfield's Bronze Cuckoo,27-Jun-15,Tampines Eco Green
Horsfield's Bronze Cuckoo,28-May-15,Tuas South
Horsfield's Bronze Cuckoo,16-Jul-23,Tuas South
Indian Pond Heron,23-Apr-18,Bishan-Ang Mo Kio Park
Indian Pond Heron,16-Apr-21,Gardens by the Bay
Indian Pond Heron,22-Apr-22,Lorong Halus Wetlands
Indian Pond Heron,19-Apr-23,Lorong Halus Wetlands
Indian Pond Heron,2-May-20,Marina South Area
Indian Pond Heron,8-May-16,Pasir Ris Farmway 3
Indian Pond Heron,29-Mar-22,Peng Siang river
Japanese Tit,9-Apr-20,Coney Island
Japanese Tit,6-Nov-22,Jurong Lake Gardens
Japanese Tit,15-Nov-19,Tuas South
Japanese/Cinereous Tit ,16-Feb-20,Kallang River
Javan Pond Heron,8-Apr-19,Bishan-Ang Mo Kio Park
Javan Pond Heron,4-Apr-21,Bishan-Ang Mo Kio Park
Javan Pond Heron,29-Mar-20,Marina Bay East
Javan Pond Heron,18-Mar-23,Pasir Ris Farmway 1
Large Woodshrike,22-Oct-18,Jelutong Tower
Lesser Frigatebird,11-Oct-23,Hampstead Park
Lesser Frigatebird,26-Apr-16,Johor Straits
Lesser Frigatebird,9-Oct-15,Marina South Pier
Lesser Frigatebird,26-Apr-15,Singapore Straits
Lesser Frigatebird,22-Sep-18,Singapore Straits
Lesser Frigatebird,4-May-19,Singapore Straits
Lesser Green Leafbird,15-Oct-17,Bukit Timah Nature Reserve
Lesser Green Leafbird,17-May-17,Central Catchment Nature Reserve
Lesser Green Leafbird,22-Apr-23,Pulau Ubin Chek Jawa
Little Grebe,12-Dec-21,Marina East Drive
Little Grebe,6-Jan-23,Pasir Ris Farmway 1
Little Grebe,27-Jan-23,Pasir Ris Farmway 1
Little Grebe,10-Aug-19,Pulau Ubin
Little Grebe,20-Mar-20,Pulau Ubin
Little Green Pigeon,16-Mar-16,Jelutong Tower
Little Green Pigeon,12-Oct-18,Windsor Nature Park
Little Stint,21-Sep-17,Pulau Ubin
Little Stint,13-Dec-20,Pulau Ubin
Long-tailed Jaeger,29-Apr-17,Singapore Straits
Long-tailed Jaeger,14-Oct-18,Singapore Straits
Long-toed Stint,28-Jul-19,Kranji Marshes
Long-toed Stint,15-Sep-18,Kranji Sanctuary Golf Course
Long-toed Stint,24-Sep-18,Lim Chu Kang Lane 3
Long-toed Stint,17-Jan-19,Lim Chu Kang Lane 3
Long-toed Stint,24-Oct-20,Neo Tiew Harvest Lane
Long-toed Stint,3-Apr-21,Neo Tiew Harvest Lane
Long-toed Stint,21-Sep-16,Pulau Tekong
Long-toed Stint,1-Nov-17,Pulau Tekong
Long-toed Stint,4-Oct-19,Pulau Tekong
Long-toed Stint,19-Oct-20,Pulau Ubin
Long-toed Stint,30-Sep-23,Sungei Buloh Wetland Reserve
Long-toed Stint,8-Oct-18,Sungei Buloh Wetland Reserve
Long-toed Stint,6-Oct-21,Tuas South
Long-toed Stint,13-Oct-22,Tuas South
Malayan Black Magpie,9-Jun-21,Hindhede Nature Park
Malayan Swamp Babbler,9-May-23,Chek Jawa Wetlands
Malayan Swamp Babbler,23-Jul-23,Pasir Ris Park
Mangrove Blue Flycatcher,2-Dec-15,Bidadari Park
Mangrove Blue Flycatcher,27-Nov-16,Pulau Ubin
Mangrove Whistler,17-Sep-23,Changi Bay
Mangrove Whistler,27-Feb-23,Labrador Nature Reserve
Mangrove Whistler,30-Jul-17,Marina East Drive
Mangrove Whistler,29-Jul-16,Pasir Ris Park
Mangrove Whistler,22-Feb-18,Pulau Hantu
Mangrove Whistler,21-Mar-18,Pulau Hantu
Mangrove Whistler,8-Apr-18,Pulau Hantu
Mangrove Whistler,13-Aug-18,Pulau Semakau
Mangrove Whistler,22-Nov-18,Pulau Semakau
Mangrove Whistler,24-Feb-21,Pulau Semakau
Mangrove Whistler,9-Feb-18,Pulau Ubin
Mangrove Whistler,6-May-18,Pulau Ubin
Masked Booby,30-Aug-18,Pan Island Expressway
Narcissus Flycatcher,2-Dec-15,Bidadari Park
Northern Boobook,14-Apr-23,Changi Beach Park
Northern Boobook,3-Nov-23,Changi Business Park
Northern Boobook,17-Mar-20,Dairy Farm Nature Park
Northern Boobook,25-Oct-22,Jurong West
Northern Boobook,3-Jan-24,Mount Faber Park
Northern Boobook,1-Nov-21,one-north Park: Biopolis
Northern Boobook,2-Nov-23,Penjuru Place
Northern Boobook,11-Nov-22,Punggol Way
Northern Boobook,28-Mar-23,Republic Polytechnic
Northern Boobook,8-Nov-17,Satay by the Bay
Northern Boobook,28-Mar-22,Satay By The Bay
Northern Boobook,13-Apr-22,Sungei Buloh Wetland Reserve
Northern Boobook,23-Apr-22,Tampines Eco Green
Northern Boobook,25-Apr-20,Tanjong Katong
Northern Boobook,9-Nov-15,Tuas South
Northern Boobook,17-Nov-15,Tuas South
Northern Boobook,8-Mar-16,Tuas South
Northern Boobook,21-Apr-16,Tuas South
Northern Boobook,6-Nov-18,Tuas South
Northern Boobook,5-Nov-19,Tuas South
Northern Boobook,1-Nov-20,Tuas South
Northern Pintail,3-Feb-16,Sungei Buloh Wetland Reserve
Northern Pintail,7-Mar-20,Sungei Buloh Wetland Reserve
Oriental Darter,6-Feb-16,Bukit Timah Nature Reserve
Oriental Darter,9-Nov-18,Central Catchment Nature Reserve
Oriental Darter,8-Dec-21,Jurong Lake Gardens
Oriental Darter,24-Nov-19,Kent Ridge Park
Oriental Darter,14-May-17,Pulau Ubin
Oriental Darter,4-Jun-17,Pulau Ubin
Oriental Darter,26-Dec-17,Singapore Quarry
Oriental Darter,18-Feb-18,Singapore Quarry
Oriental Darter,11-Jun-19,Sungei Buloh Wetland Reserve
Oriental Plover,28-Jan-21,Pulau Ubin
Oriental Plover,7-Oct-22,Tuas South
Oriental Scops Owl,25-Nov-22,Bukit Brown Cemetery
Oriental Scops Owl,30-Dec-20,Central Catchment Nature Reserve
Oriental Scops Owl,16-Dec-21,Jalan Besar Road
Oriental Scops Owl,23-Nov-19,Jurong East
Oriental Scops Owl,12-Mar-21,Jurong Island
Oriental Scops Owl,17-Nov-21,Jurong West
Oriental Scops Owl,23-Jan-20,MacRitchie Reservoir Park
Oriental Scops Owl,26-Feb-22,Marina Bay Floating Stage
Oriental Scops Owl,14-Feb-18,Mimosa Walk
Oriental Scops Owl,9-Nov-20,Montreal Dr
Oriental Scops Owl,31-Oct-22,Nanyang Technological University
Oriental Scops Owl,9-Mar-17,National University of Singapore
Oriental Scops Owl,11-Nov-20,"New Tech Park, Serangoon"
Oriental Scops Owl,19-Dec-18,Oriole Crescent
Oriental Scops Owl,21-Nov-22,Pasir Ris Grove
Oriental Scops Owl,8-Dec-22,People's Park Centre
Oriental Scops Owl,2-Dec-16,Pulau Ubin
Oriental Scops Owl,25-Oct-22,Sims Avenue
Oriental Scops Owl,29-Oct-22,Singapore Botanic Gardens
Oriental Scops Owl,20-Nov-22,Tampines Eco Green
Oriental Scops Owl,28-Oct-22,Teck Ghee Neighbourhood
Oriental Scops Owl,2-Nov-22,Toa Payoh
Oriental Scops Owl,4-Feb-23,Windsor Nature Park
Oriental Scops Owl,21-Nov-22,Woodlands Waterfront Park
Oriental Scops Owl,26-Nov-22,Woodlands Waterfront Park
Oriental Turtle Dove,4-Feb-23,Lim Chu Kang Lane 3
Oriental Turtle Dove,8-Jan-23,Rower's Bay Park
Parasitic Jaeger,26-Apr-15,Singapore Straits
Parasitic Jaeger,14-Oct-17,Singapore Straits
Parasitic Jaeger,3-Mar-18,Singapore Straits
Parasitic Jaeger,14-Oct-18,Singapore Straits
Parasitic Jaeger,4-Nov-18,Singapore Straits
Parasitic Jaeger,2-May-21,Singapore Straits
Parasitic Jaeger,8-May-21,Straits of Johor
Pheasant-tailed Jacana,16-Dec-22,Central Catchment Nature Reserve
Pheasant-tailed Jacana,15-May-17,Hindhede Nature Park
Pheasant-tailed Jacana,10-Dec-16,Kranji Marshes
Pheasant-tailed Jacana,19-Nov-23,Lower Peirce Reservoir
Pheasant-tailed Jacana,7-May-20,MacRitchie Reservoir Park
Pheasant-tailed Jacana,30-Dec-21,Marina East Drive
Pheasant-tailed Jacana,12-May-21,Pasir Ris Park
Pheasant-tailed Jacana,30-Oct-22,Pulau Ubin
Pheasant-tailed Jacana,5-May-19,Satay By The Bay
Pied Harrier,17-Oct-22,Bukit Timah Nature Reserve
Pied Harrier,28-Oct-22,Central Catchment Nature Reserve
Pied Harrier,20-Nov-20,Central Catchment Nature Reserve
Pied Harrier,13-Oct-22,Central Catchment Nature Reserve
Pied Harrier,8-Nov-20,Choa Chu Kang Cemetery
Pied Harrier,2-Nov-19,Henderson Waves
Pied Harrier,4-Nov-19,Henderson Waves
Pied Harrier,8-Nov-20,Henderson Waves
Pied Harrier,17-Nov-21,Henderson Waves
Pied Harrier,30-Oct-23,Henderson Waves
Pied Harrier,3-Nov-19,Kent Ridge Park
Pied Harrier,18-Nov-17,Kranji Marshes
Pied Harrier,1-Nov-22,Lim Chu Kang Road
Pied Harrier,28-Oct-22,Mount Faber Park
Pied Harrier,9-Nov-22,Mount Faber Park
Pied Harrier,17-Nov-22,Mount Faber Park
Pied Harrier,20-Nov-22,Mount Faber Park
Pied Harrier,29-Oct-22,Mount Faber Park
Pied Harrier,5-Nov-21,Nanyang Technological University
Pied Harrier,29-Oct-20,Neo Tiew Harvest Lane
Pied Harrier,6-Nov-22,Neo Tiew Harvest Lane
Pied Harrier,20-Nov-22,Neo Tiew Harvest Lane
Pied Harrier,28-Nov-17,Pulau Semakau
Pied Harrier,11-Nov-18,Sungai Buloh Wetland Reserve
Pied Harrier,26-Nov-21,Sungei Buloh Wetland Reserve
Pied Harrier,15-Nov-17,Telok Blangah Hill Park
Pied Harrier,2-Nov-22,Tuas South
Pied Harrier,30-Oct-16,Tuas South
Pied Stilt,23-May-23,Marina East Park
Pied Stilt,28-Jun-21,Pulau Tekong
Pied Stilt,14-Jun-22,Pulau Tekong
Red Knot,2-Apr-22,Chek Jawa Wetlands
Red Knot,6-Sep-21,Yishun Dam
Red-billed Starling,7-Jan-23,Sungei Buloh Wetland Reserve
Red-billed Starling,27-Dec-15,Tampines Eco Green
Red-billed Starling,12-Dec-21,Turut Track
Red-footed Booby,12-Jun-19,East Coast Park
Red-footed Booby,22-Oct-23,Henderson Waves
Red-footed Booby,3-Sep-17,Marina Barrage
Red-footed Booby,25-May-20,Marina South Pier
Red-footed Booby,12-Nov-16,Singapore Straits
Red-footed Booby,4-Oct-20,Singapore Straits
Red-footed Booby,30-Nov-19,St. John's Island
Red-necked Phalarope,8-Oct-16,Pulau Tekong
Red-necked Phalarope,28-Sep-19,Singapore Straits
Red-throated Pipit,25-Mar-18,Jurong West
Red-throated Pipit,2-Dec-23,Lorong Halus Wetlands
Red-throated Pipit,17-Dec-21,Neo Tiew Harvest Lane
Red-throated Pipit,25-Nov-17,Seletar Aerospace Drive
Red-throated Pipit,16-Jan-20,Seletar Aerospace Drive
Red-throated Pipit,1-Feb-20,Simpang Kiri Park Connector
Rosy Starling,23-Sep-23,Dempsey Road
Rosy Starling,4-Dec-22,Laguna National Golf and Country Club
Rosy Starling,23-Nov-18,Tuas South
Rosy Starling,1-Oct-20,West Coast Park
Ruby-cheeked Sunbird,4-Mar-18,Pulau Ubin
Ruby-cheeked Sunbird,4-Nov-21,Pulau Ubin
Ruby-cheeked Sunbird,14-Oct-20,Sungei Buloh Wetland Reserve
Ruff,2-Dec-16,Sungei Buloh Wetland Reserve
Rufous-backed Dwarf Kingfisher,27-Jul-20,Kent Ridge Park
Rufous-backed Dwarf Kingfisher,5-Nov-19,Peninsula Plaza
Rufous-bellied Eagle,18-Feb-16,Bukit Batok Nature Park
Rufous-bellied Eagle,23-Apr-16,Bukit Batok Nature Park
Rufous-bellied Eagle,19-Jun-20,Bukit Timah Nature Reserve
Rufous-bellied Eagle,22-Dec-15,Dairy Farm Nature Park
Rufous-bellied Eagle,22-Oct-22,Henderson Waves
Rufous-bellied Eagle,24-Nov-20,Holland Plain
Rufous-bellied Eagle,9-Dec-21,Kranji Marshes
Rufous-bellied Eagle,10-May-22,Lower Pierce Reservoir
Rufous-bellied Eagle,16-Sep-15,MacRitchie Reservoir Park
Rufous-bellied Eagle,27-Oct-22,Nanyang Technological University
Rufous-bellied Eagle,30-Oct-18,Pang Sua Park Connector
Rufous-bellied Eagle,31-Mar-16,Springleaf Nature Park
Rufous-bellied Eagle,6-Oct-15,Upper Bukit Timah
Sakhalin Leaf Warbler,30-Nov-22,Bukit Timah Nature Reserve
Sakhalin Leaf Warbler,6-Nov-23,Bukit Timah Nature Reserve
Sakhalin Leaf Warbler,19-Apr-19,Central Catchment Nature Reserve
Sakhalin Leaf Warbler,21-Mar-21,Central Catchment Nature Reserve
Sakhalin Leaf Warbler,1-Dec-20,Dairy Farm Nature Park
Sakhalin Leaf Warbler,10-Dec-20,Green Corridor
Sakhalin Leaf Warbler,24-Jan-20,MacRitchie Reservoir Park
Sakhalin Leaf Warbler,4-Mar-20,Mandai Track 15
Sakhalin Leaf Warbler,10-Dec-22,Pasir Ris Park
Sakhalin Leaf Warbler,27-Jan-21,Pulau Ubin
Sakhalin Leaf Warbler,6-Mar-22,Singapore Botanic Gardens
Sand Martin,26-Oct-19,Henderson Waves
Sand Martin,17-Oct-16,MacRitchie Reservoir Park
Sand Martin,21-Nov-22,Mount Faber Park
Sand Martin,13-Apr-21,Neo Tiew Harvest Lane
Sand Martin,1-May-17,Old Upper Thomson Rd
Sand Martin,30-Oct-18,Pang Sua Park Connector
Sand Martin,28-Jan-21,Seletar Aerospace Crescent
Sand Martin,11-May-21,Western Catchment
Sanderling,10-Nov-22,Chek Jawa Wetlands
Sanderling,7-Nov-22,Marina East Drive
Sanderling,27-Sep-22,Pulau Ubin
Sanderling,17-Sep-23,Pulau Ubin
Sanderling,20-Jan-19,Pulau Ubin: Chek Jawa
Sanderling,14-Dec-20,Pulau Ubin: Chek Jawa
Scarlet Minivet,25-Feb-21,Goldhill
Scarlet-breasted Flowerpecker,29-Nov-21,Bukit Timah Nature Reserve
Shikra,21-Nov-19,Jelutong Tower
Shikra,27-Oct-22,Mount Faber Park
Short-eared Owl,29-Nov-19,Tanah Merah Coast Road
Short-tailed Shearwater,24-Apr-21,Kusu Island
Short-tailed Shearwater,16-May-21,Kusu Island
Short-tailed Shearwater,22-May-21,Kusu Island
Short-tailed Shearwater,29-May-21,Kusu Island
Short-tailed Shearwater,7-May-16,Singapore Straits
Short-tailed Shearwater,7-May-17,Singapore Straits
Short-tailed Shearwater,5-May-18,Singapore Straits
Short-tailed Shearwater,28-Apr-19,Singapore Straits
Short-tailed Shearwater,4-May-19,Singapore Straits
Short-tailed Shearwater,19-May-19,Singapore Straits
Short-tailed Shearwater,25-Apr-21,Singapore Straits
Short-tailed Shearwater,2-May-21,Singapore Waters Pelagic: third hour
Short-toed Snake Eagle,5-Dec-18,Changi Business Park
Short-toed Snake Eagle,11-Nov-22,Gardens by the Bay
Short-toed Snake Eagle,20-Nov-18,Henderson Waves
Short-toed Snake Eagle,4-Nov-23,Henderson Waves
Short-toed Snake Eagle,5-Nov-23,Mount Faber Park
Short-toed Snake Eagle,13-Nov-23,Mount Faber Park
Short-toed Snake Eagle,9-Nov-23,Pinnacle@Duxton
Short-toed Snake Eagle,11-Nov-23,Southern Ridges
Short-toed Snake Eagle,7-Nov-22,Sungei Tengah
Short-toed Snake Eagle,6-Nov-19,Sungei Ulu Pandan Park Connector
Short-toed Snake Eagle,2-Nov-22,Telok Blangah
Siberian House Martin,28-Dec-21,Marina East Drive
Siberian House Martin,3-Jan-21,Neo Tiew Harvest Lane
Siberian Thrush,7-Nov-15,Bidadari Park
Siberian Thrush,28-Apr-17,Bukit Timah Nature Reserve
Siberian Thrush,17-Nov-20,Bukit Timah Nature Reserve
Siberian Thrush,18-Nov-20,Central Catchment Nature Reserve
Siberian Thrush,9-Nov-18,Central Catchment Nature Reserve
Siberian Thrush,10-Nov-20,Chestnut Nature Park
Siberian Thrush,7-Jan-16,Dairy Farm Nature Park
Siberian Thrush,1-Dec-19,Dairy Farm Nature Park
Siberian Thrush,11-Apr-21,Dairy Farm Nature Park
Siberian Thrush,8-Nov-16,Hindhede Nature Park
Siberian Thrush,28-Nov-21,Hindhede Nature Park
Siberian Thrush,13-Nov-18,Tanglin Trust School
Siberian Thrush,31-Oct-19,Thomson Nature Park
Siberian Thrush,6-Nov-16,Tuas South
Silver-backed Needletail,30-Oct-19,Bukit Timah Nature Reserve
Silver-backed Needletail,8-Nov-19,Bukit Timah Nature Reserve
Silver-backed Needletail,16-Nov-20,Bukit Timah Nature Reserve
Silver-backed Needletail,18-Nov-20,Bukit Timah Nature Reserve
Silver-backed Needletail,27-Oct-21,Bukit Timah Nature Reserve
Silver-backed Needletail,26-Oct-18,Central Catchment Nature Reserve
Silver-backed Needletail,5-Nov-21,Central Catchment Nature Reserve
Silver-backed Needletail,6-Nov-21,Henderson Waves
Silver-backed Needletail,13-Nov-22,Henderson Waves
Silver-backed Needletail,4-Nov-22,Mount Faber Park
Silver-backed Needletail,4-Nov-22,Mount Faber Park
Slaty-legged Crake,21-Nov-15,Jurong Island
Slaty-legged Crake,21-Nov-20,Kang Ching Road
Slaty-legged Crake,18-Dec-22,Rochor River
Slaty-legged Crake,5-Dec-16,Sentosa
Streaked Bulbul,18-Jul-15,Bukit Timah Nature Reserve
Streaked Bulbul,14-Feb-16,Bukit Timah Nature Reserve
Streaked Bulbul,28-Nov-15,Dairy Farm Nature Park
Streaked Bulbul,2-Jan-17,Dairy Farm Nature Park
Streaked Bulbul,25-Jul-15,Pulau Ubin
Streaked Bulbul,25-Dec-19,Pulau Ubin
Streaked Bulbul,5-Nov-21,Pulau Ubin
Streaked Bulbul,12-Nov-21,Pulau Ubin
Swinhoe's Snipe,16-Dec-21,Changi Business Park
Swinhoe's Snipe,1-Jan-18,Jurong West
Swinhoe's Snipe,19-Apr-20,Neo Tiew Harvest Lane
Taiga Flycatcher,1-Nov-22,Jurong Lake Gardens
Tufted Duck,9-Dec-23,Kranji Marshes
Tufted Duck,12-Dec-20,Marsiling Park
Verditer Flycatcher,9-Oct-17,Dairy Farm Nature Park
Wedge-tailed Shearwater,23-Jun-21,Bishan-Ang Mo Kio Park
White Wagtail,27-Dec-15,Bishan-Ang Mo Kio Park
White Wagtail,30-Jan-21,Bishan-Ang Mo Kio Park
White Wagtail,9-Jan-20,Harvest Link
White Wagtail,18-Dec-23,Kallang River
White Wagtail,21-Dec-21,Pasir Panjang
White Wagtail,6-Nov-17,Sembawang Wagtail Roost
White Wagtail,2-Dec-17,Sembawang Wagtail Roost
White Wagtail,12-Oct-18,Yishun Dam
White Wagtail,2-Feb-20,Yishun Dam
White-faced Plover,5-Mar-15,Marina Bay
White-faced Plover,11-Mar-17,Marina Bay
White-faced Plover,4-Feb-23,Marina East Drive
White's Thrush,23-Nov-23,Singapore Botanic Gardens
White-tailed Tropicbird,22-Jun-15,Tuas South
White-throated Needletail,20-Oct-22,Bukit Timah Nature Reserve
White-throated Needletail,9-Nov-21,Bukit Timah Nature Reserve
White-throated Needletail,8-Nov-19,Bukit Timah Nature Reserve
White-throated Needletail,1-Apr-20,Bukit Timah Nature Reserve
White-throated Needletail,11-Nov-20,Bukit Timah Nature Reserve
White-throated Needletail,16-Nov-20,Bukit Timah Nature Reserve
White-throated Needletail,27-Oct-21,Bukit Timah Nature Reserve
White-throated Needletail,27-Oct-21,Bukit Timah Nature Reserve
White-throated Needletail,29-Oct-21,Bukit Timah Nature Reserve
White-throated Needletail,8-Oct-23,Bukit Timah Nature Reserve
White-throated Needletail,25-Oct-17,Central Catchment Nature Reserve
White-throated Needletail,1-Nov-19,Central Catchment Nature Reserve
White-throated Needletail,19-Oct-17,Henderson Waves
White-throated Needletail,31-Oct-17,Henderson Waves
White-throated Needletail,28-Oct-18,Henderson Waves
White-throated Needletail,14-Nov-19,Henderson Waves
White-throated Needletail,17-Oct-20,Henderson Waves
White-throated Needletail,30-Oct-20,Henderson Waves
White-throated Needletail,8-Nov-20,Henderson Waves
White-throated Needletail,12-Nov-20,Henderson Waves
White-throated Needletail,14-Nov-20,Henderson Waves
White-throated Needletail,17-Nov-20,Henderson Waves
White-throated Needletail,6-Nov-21,Henderson Waves
White-throated Needletail,13-Nov-22,Henderson Waves
White-throated Needletail,10-Mar-21,Jelutong Tower
White-throated Needletail,29-Sep-23,Jelutong Tower
White-throated Needletail,16-Oct-21,Mount Faber Park
White-throated Needletail,12-Nov-22,Mount Faber Park
White-throated Needletail,4-Nov-22,Mount Faber Park
White-throated Needletail,24-Mar-20,Sentosa
White-throated Needletail,7-Nov-21,Singapore Quarry
White-throated Needletail,31-Oct-20,SkyParc@Dawson
White-throated Needletail,3-Nov-18,Telok Blangah Hill Park
White-throated Needletail,8-Nov-21,The Raintree
Yellow-vented Flowerpecker,14-Feb-16,Bukit Timah Nature Reserve
Yellow-vented Flowerpecker,29-Oct-19,Bukit Timah Nature Reserve
Yellow-vented Flowerpecker,16-Nov-19,Bukit Timah Nature Reserve
Yellow-vented Flowerpecker,26-Sep-15,Dairy Farm Nature Park
Yellow-vented Flowerpecker,9-Jul-16,Lower Peirce Reservoir
Zappey's Flycatcher,2-Nov-15,Bidadari Park
Zappey's Flycatcher,16-Mar-22,Tampines Eco Green
Zappey's Flycatcher,12-Nov-16,Tuas South
