bird,park,count,count_datetime
Amur Falcon,Changi Coast,1.0,26-Nov-17
Amur Falcon,Seletar Dam,1.0,16-Dec-16
Amur Stonechat,Raffles Marina,1.0,11-Apr-21
Ashy Drongo,Kranji Marshes,1.0,18-Nov-18
Ashy Drongo,Mount Faber Park,1.0,18-Mar-23
Ashy Drongo,Nanyang Technological University,1.0,2-Aug-23
Ashy Drongo,Old Bidadari cemetery,1.0,8-Dec-16
Ashy Drongo,Pulau Ubin,1.0,12-May-23
Ashy Drongo,Punggol Promenade Nature Walk,1.0,6-Jun-18
Ashy Drongo,Singapore Botanic Gardens,1.0,6-Mar-23
Ashy Drongo,Telok Blangah Hill Park,1.0,24-Mar-19
Asian Dowitcher,Marina East Drive,1.0,28-Aug-22
Asian Dowitcher,New reclamation land at P. Tekong,1.0,16-Sep-23
Asian Dowitcher,Pulau Tekong,3.0,1-Sep-16
Asian Dowitcher,Pulau Tekong,3.0,9-Sep-17
Asian Dowitcher,Pulau Tekong,3.0,3-Oct-18
Asian Dowitcher,Sungei Buloh Wetland Reserve,1.0,3-Sep-23
Asian Openbill,Turut Track,1.0,16-Jan-19
Band-bellied Crake,Temasek Polytechnic,1.0,28-Apr-19
Barn Swallow,Gardens by the Bay,1.0,14-Dec-21
Barn Swallow,Kranji Marshes,2.0,11-Nov-22
Barn Swallow,Kranji Marshes,2.0,21-Mar-21
Barn Swallow,Marina East Drive,1.0,14-Dec-21
Barn Swallow,Neo Tiew Harvest Lane,3.0,21-Dec-19
Barn Swallow,Neo Tiew Harvest Lane,3.0,12-Dec-21
Barn Swallow,Neo Tiew Harvest Lane,3.0,7-Jan-22
Barn Swallow,Pasir Ris Farmway 3,1.0,2-Dec-23
Barn Swallow,Sembawang,1.0,12-Nov-21
Barn Swallow,Sungei Tengah,2.0,7-Nov-22
Barn Swallow,Sungei Tengah,2.0,7-Nov-22
Barn Swallow,Turut Track,4.0,6-Oct-20
Barn Swallow,Turut Track,4.0,6-Apr-21
Barn Swallow,Turut Track,4.0,22-Dec-21
Barn Swallow,Turut Track,4.0,8-Jan-22
Barred Eagle-Owl,Bukit Batok Nature Park,1.0,20-Apr-23
Barred Eagle-Owl,Bukit Brown Cemetery,1.0,27-Apr-19
Barred Eagle-Owl,Bukit Timah Nature Reserve,1.0,31-Oct-16
Barred Eagle-Owl,Central Catchment Nature Reserve,1.0,9-May-23
Barred Eagle-Owl,Dairy Farm Nature Park,1.0,1-Apr-20
Barred Eagle-Owl,Labrador Nature Reserve,1.0,28-Dec-21
Barred Eagle-Owl,Pulau Ubin,3.0,31-Jul-15
Barred Eagle-Owl,Pulau Ubin,3.0,16-Sep-18
Barred Eagle-Owl,Pulau Ubin,3.0,7-Apr-19
Barred Eagle-Owl,Rifle Range Link,3.0,9-Oct-21
Barred Eagle-Owl,Rifle Range Link,3.0,22-Jan-22
Barred Eagle-Owl,Rifle Range Link,3.0,16-Sep-23
Barred Eagle-Owl,Rifle Range link,1.0,17-Feb-22
Barred Eagle-Owl,Seletar Expressway,1.0,18-May-19
Barred Eagle-Owl,Singapore Quarry,3.0,23-Jul-22
Barred Eagle-Owl,Singapore Quarry,3.0,16-Jun-23
Barred Eagle-Owl,Singapore Quarry,3.0,16-Jul-23
Barred Eagle-Owl,Tree Top Walk,1.0,2-Aug-19
Barred Eagle-Owl,Windsor Nature Park,1.0,22-Oct-19
Bat Hawk,Neo Tiew Harvest Lane,1.0,3-Dec-22
Besra,Henderson Waves,3.0,15-Mar-18
Besra,Henderson Waves,3.0,8-Nov-20
Besra,Henderson Waves,3.0,9-Nov-20
Besra,Henderson waves,1.0,6-Nov-22
Besra,Jelutong Tower,1.0,18-Oct-19
Besra,Mount Faber Park,1.0,16-Nov-22
Besra,Singapore Quarry,1.0,3-Nov-19
Besra,Sister's Island,1.0,13-Nov-15
Besra,Telok Blangah Hill Park,2.0,18-Nov-17
Besra,Telok Blangah Hill Park,2.0,17-Oct-22
Besra/Shikra,Henderson Waves,1.0,31-Oct-19
Besra/Shikra,Telok Blangah,1.0,4-Nov-22
Black Drongo,Marina South Drive,1.0,8-Nov-20
Black Drongo,Pasir Ris Park,1.0,20-Dec-17
Black Drongo,Seletar Airport,1.0,19-Dec-17
Black Drongo,Sungei Buloh Wetland Reserve,1.0,19-Oct-17
Black Drongo,Tanah Merah Coast Road,1.0,10-Nov-21
Black Drongo,Tuas South,1.0,1-Nov-21
Black Hornbill ,Pulau Ubin,2.0,27-Jan-16
Black Hornbill ,Pulau Ubin,2.0,31-May-23
Black Hornbill ,Woodlands Waterfront Park,1.0,18-Feb-22
Black-and-red Broadbill,Pulau Ubin,4.0,24-Aug-17
Black-and-red Broadbill,Pulau Ubin,4.0,28-Jul-22
Black-and-red Broadbill,Pulau Ubin,4.0,25-Apr-23
Black-and-red Broadbill,Pulau Ubin,4.0,2-Jul-23
Black-and-red Broadbill,Sungei Buloh Wetland Reserve,2.0,20-Mar-19
Black-and-red Broadbill,Sungei Buloh Wetland Reserve,2.0,24-Jun-23
Black-backed Swamphen,Changi Business Park,1.0,20-Jul-22
Black-headed Gull,Marina East Drive,1.0,5-Dec-20
Black-headed Gull,Pulau Ubin,2.0,1-Jan-17
Black-headed Gull,Pulau Ubin,2.0,4-Feb-18
Black-headed Gull,Sungei Buloh Wetland Reserve,1.0,18-Dec-22
Black-headed Gull,Sungei Buloh Wetlands Reserve,1.0,19-Dec-21
Black-naped Monarch,Clementi Woods Park,1.0,20-Mar-21
Black-naped Monarch,Jurong Lake Gardens,1.0,15-Mar-21
Black-naped Monarch,Pulau Ubin,1.0,25-Jan-21
Black-naped Oriole,Hampstead Park,1.0,21-Feb-21
Black-naped Oriole,Pulau Ubin,1.0,30-Jan-22
Black-tailed Godwit,Pulau Tekong,2.0,5-Oct-16
Black-tailed Godwit,Pulau Tekong,2.0,5-Aug-17
Black-tailed Godwit,Seletar Dam (Yishun Dam),1.0,13-Aug-16
Black-tailed Godwit,Sungei Buloh Wetland Reserve,2.0,29-Aug-18
Black-tailed Godwit,Sungei Buloh Wetland Reserve,2.0,14-Aug-21
Black-tailed Godwit,Sungei Buloh Wetlands Reserve,1.0,9-Sep-23
Black-thighed Falconet,Goldhill,1.0,30-May-21
Black-thighed Falconet,Lorong Halus Wetlands,1.0,18-Jun-22
Black-thighed Falconet,Pasir Ris Farmway 1,1.0,29-Jul-23
Black-thighed Falconet,Punggol Seventeenth Avenue,1.0,28-Dec-23
Black-thighed Falconet,Yishun Dam,1.0,12-Feb-21
Black-winged Flycatcher-shrike,Central Catchment Nature Reserve,1.0,20-Jan-18
Black-winged Flycatcher-shrike,Chek Jawa Wetlands,2.0,21-Jun-21
Black-winged Flycatcher-shrike,Chek Jawa Wetlands,2.0,17-Feb-24
Black-winged Flycatcher-shrike,Dairy Farm Nature Park,1.0,22-Apr-19
Black-winged Flycatcher-shrike,Dairy farm Nature Park,1.0,2-Nov-22
Black-winged Flycatcher-shrike,Pulau Ubin,6.0,28-Jun-15
Black-winged Flycatcher-shrike,Pulau Ubin,6.0,6-May-18
Black-winged Flycatcher-shrike,Pulau Ubin,6.0,24-Sep-18
Black-winged Flycatcher-shrike,Pulau Ubin,6.0,21-Oct-18
Black-winged Flycatcher-shrike,Pulau Ubin,6.0,22-Jun-19
Black-winged Flycatcher-shrike,Pulau Ubin,6.0,5-Nov-21
Black-winged Stilt ,Jurong Lake Gardens,1.0,16-Feb-20
Black-winged Stilt ,Kranji Marshes,1.0,1-Nov-15
Black-winged Stilt ,Marina East Drive,3.0,5-Jun-22
Black-winged Stilt ,Marina East Drive,3.0,21-Nov-21
Black-winged Stilt ,Marina East Drive,3.0,1-Jan-23
Black-winged Stilt ,Pasir Ris Farmway 1,1.0,17-Jun-23
Black-winged Stilt ,Pulau Tekong,1.0,14-Sep-20
Black-winged Stilt ,Sg Buloh Wetlands Reserve,1.0,16-Apr-22
Black-winged Stilt ,Sungai Buloh Wetland Reserve,1.0,3-Dec-23
Black-winged Stilt ,Sungei Buloh Wetland Reserve,1.0,8-Aug-22
Black-winged Stilt ,Tuas South,1.0,13-Oct-22
Black-winged Stilt ,Yishun Dam,1.0,5-Aug-22
Black-winged/Pied Stilt,Changi Bay,1.0,3-May-22
Black-winged/Pied Stilt,Pulau Tekong,1.0,8-Jul-23
Blue Rock Thrush,Central Business District,2.0,31-Jan-23
Blue Rock Thrush,Central Business District,2.0,4-Dec-23
Blue Rock Thrush,Labrador Nature Reserve,1.0,8-Jan-18
Blue Rock Thrush,Labrador Villa Road,1.0,15-Nov-18
Blue Rock Thrush,Marina East Drive,2.0,6-Nov-16
Blue Rock Thrush,Marina East Drive,2.0,27-Sep-17
Blue Rock Thrush,Pinnacle@Duxton,4.0,2-Sep-15
Blue Rock Thrush,Pinnacle@Duxton,4.0,21-Jan-22
Blue Rock Thrush,Pinnacle@Duxton,4.0,9-Nov-23
Blue Rock Thrush,Pinnacle@Duxton,4.0,29-Dec-21
Blue Rock Thrush,Sentosa,1.0,26-Nov-21
Blue Rock Thrush,Sentosa Island,1.0,2-Nov-17
Blue Rock Thrush,Singapore Polo Club,1.0,19-Mar-21
Blue Rock Thrush,SkyParc@Dawson,2.0,29-Dec-21
Blue Rock Thrush,SkyParc@Dawson,2.0,6-Jan-22
Blue Rock Thrush,Strathmore Avenue,1.0,28-Dec-22
Blue Rock Thrush,Tanjong Pagar,1.0,29-Dec-22
Blue Rock Thrush,Tuas South,1.0,3-Nov-19
Blue-and-white Flycatcher,Central Catchment Nature Reserve,1.0,18-Nov-20
Blue-and-white Flycatcher,National University of Singapore,1.0,15-Mar-22
Blue-and-white Flycatcher,Pasir Ris Park,1.0,20-Mar-23
Blue-and-white Flycatcher,Singapore Botanic Gardens,1.0,11-Jan-24
Booted Eagle,Bukit Timah Nature Reserve,1.0,10-Nov-19
Booted Eagle,Changi Business Park,1.0,6-Nov-16
Booted Eagle,Coney Island,1.0,23-Feb-20
Booted Eagle,Henderson Waves,5.0,17-Nov-16
Booted Eagle,Henderson Waves,5.0,13-Nov-17
Booted Eagle,Henderson Waves,5.0,23-Oct-19
Booted Eagle,Henderson Waves,5.0,3-Nov-19
Booted Eagle,Henderson Waves,5.0,10-Nov-20
Booted Eagle,Jurong Lake Gardens,1.0,6-Nov-16
Booted Eagle,Lorong Halus Wetlands,1.0,26-Dec-16
Booted Eagle,Mount Faber Park,2.0,6-Nov-21
Booted Eagle,Mount Faber Park,2.0,3-Nov-23
Booted Eagle,Nanyang Technological University,1.0,27-Oct-22
Booted Eagle,Pasir Ris Park,1.0,7-Jan-20
Booted Eagle,Pulau Punggol,1.0,20-Dec-20
Booted Eagle,Pulau Ubin,1.0,20-Dec-21
Booted Eagle,Singapore Botanic Gardens,1.0,21-Nov-19
Booted Eagle,Telok Blangah,1.0,4-Nov-22
Booted Eagle,Tuas South,1.0,23-Oct-16
Broad-billed Sandpiper,Marina East Drive,1.0,15-Sep-16
Broad-billed Sandpiper,Pulau Tekong,1.0,6-Oct-18
Broad-billed Sandpiper,Sungei Buloh Wetland Reserve,3.0,22-Sep-19
Broad-billed Sandpiper,Sungei Buloh Wetland Reserve,3.0,24-Sep-21
Broad-billed Sandpiper,Sungei Buloh Wetland Reserve,3.0,29-Sep-23
Broad-billed Sandpiper,Tuas South,1.0,9-Oct-22
Brown Booby,Singapore Straits,1.0,19-May-19
Brown-backed Needletail,Bukit Timah Nature Reserve,2.0,2-Jan-24
Brown-backed Needletail,Bukit Timah Nature Reserve,2.0,8-Jan-24
Brown-backed Needletail,Henderson Waves,1.0,10-Nov-23
Brown-backed Needletail,Mount Faber Park,3.0,14-Oct-23
Brown-backed Needletail,Mount Faber Park,3.0,17-Nov-22
Brown-backed Needletail,Mount Faber Park,3.0,24-Oct-23
Brown-breasted Flycatcher,Dairy Farm Nature Park,1.0,30-Oct-22
Buff-rumped Woodpecker,Bidadari Park,1.0,2-Mar-15
Buff-rumped Woodpecker,Pulau Ubin,2.0,5-Aug-18
Buff-rumped Woodpecker,Pulau Ubin,2.0,7-Mar-19
Buff-rumped Woodpecker,Sime Track,1.0,17-Mar-20
Bulwer's Petrel,Straits of Singapore,3.0,12-Nov-16
Bulwer's Petrel,Straits of Singapore,3.0,29-Apr-17
Bulwer's Petrel,Straits of Singapore,3.0,6-May-17
Caspian Tern,Mandai Mudflats,1.0,17-Nov-20
Chestnut-cheeked Starling,Dover Road,1.0,20-Mar-21
Chestnut-cheeked Starling,Henderson Waves,1.0,16-Nov-19
Chestnut-cheeked Starling,Jurong Lake Gardens,1.0,9-Feb-20
Chestnut-cheeked Starling,Pandan Reservoir,1.0,1-Nov-19
Chestnut-cheeked Starling,The Grandstand,2.0,4-Dec-20
Chestnut-cheeked Starling,The Grandstand,2.0,5-Dec-20
Chinese Blue Flycatcher,Dairy Farm Nature Park,1.0,29-Oct-22
Chinese Blue Flycatcher,Jurong Lake Gardens,1.0,11-Oct-20
Chinese Egret ,Chek Jawa Wetlands,1.0,1-Apr-23
Chinese Egret ,Pulau Tekong,4.0,6-Aug-16
Chinese Egret ,Pulau Tekong,4.0,21-Feb-18
Chinese Egret ,Pulau Tekong,4.0,23-Mar-19
Chinese Egret ,Pulau Tekong,4.0,6-Feb-21
Chinese Egret ,Sungei Buloh Wetland Reserve,2.0,13-Sep-18
Chinese Egret ,Sungei Buloh Wetland Reserve,2.0,6-Oct-19
Christmas Frigatebird,Marina East Drive,1.0,26-Jan-22
Christmas Frigatebird,Sungai Buloh Wetland Reserve,1.0,7-May-23
Cinnamon-headed Green Pigeon,Central Catchment Nature Reserve,2.0,7-Nov-21
Cinnamon-headed Green Pigeon,Central Catchment Nature Reserve,2.0,18-Oct-23
Cinnamon-headed Green Pigeon,Jelutong Tower,1.0,18-Sep-21
Cinnamon-headed Green Pigeon,Jurong Lake Gardens,2.0,6-Dec-19
Cinnamon-headed Green Pigeon,Jurong Lake Gardens,2.0,7-Oct-22
Cinnamon-headed Green Pigeon,National University of Singapore,1.0,22-Mar-23
Cinnamon-headed Green Pigeon,Pasir Ris Park,2.0,26-Jan-16
Cinnamon-headed Green Pigeon,Pasir Ris Park,2.0,26-Jan-20
Cinnamon-headed Green Pigeon,Pulau Ubin,7.0,30-Dec-18
Cinnamon-headed Green Pigeon,Pulau Ubin,7.0,29-Jun-19
Cinnamon-headed Green Pigeon,Pulau Ubin,7.0,8-Dec-19
Cinnamon-headed Green Pigeon,Pulau Ubin,7.0,12-Jun-21
Cinnamon-headed Green Pigeon,Pulau Ubin,7.0,25-Jul-21
Cinnamon-headed Green Pigeon,Pulau Ubin,7.0,4-Dec-21
Cinnamon-headed Green Pigeon,Pulau Ubin,7.0,12-Jun-22
Cinnamon-headed Green Pigeon,Pulau Ubin,7.0,22-Apr-23
Cinnamon-headed Green Pigeon,"Ubin, West",1.0,20-May-19
Common Buzzard,Henderson Waves,1.0,29-Oct-23
Common Buzzard,Mount Faber Park,1.0,17-Nov-23
Common Kestrel,Changi Bay,1.0,5-Jan-24
Common Kestrel,Henderson Waves,3.0,24-Oct-20
Common Kestrel,Henderson Waves,3.0,29-Oct-20
Common Kestrel,Henderson Waves,3.0,9-Nov-20
Common Kestrel,Kranji Marshes,1.0,29-Nov-18
Common Kestrel,Lazarus Island,1.0,18-Nov-22
Common Kestrel,Marina East Drive,1.0,12-Dec-22
Common Kestrel,Mount Faber Park,3.0,6-Nov-21
Common Kestrel,Mount Faber Park,3.0,28-Oct-23
Common Kestrel,Mount Faber Park,3.0,14-Nov-21
Common Kestrel,Redhil CL,1.0,20-Jan-23
Common Kestrel,Seletar Aerospace Crescent,1.0,15-Jan-22
Common Kestrel,Tuas South,6.0,11-Oct-20
Common Kestrel,Tuas South,6.0,14-Nov-20
Common Kestrel,Tuas South,6.0,7-Nov-22
Common Kestrel,Tuas South,6.0,25-Dec-22
Common Kestrel,Tuas South,6.0,27-Jan-24
Common Kestrel,Tuas South,6.0,10-Dec-23
Common Swift,Henderson Waves,1.0,27-Oct-20
Common Swift,Jelutong Tower,1.0,9-Oct-20
Common Swift,Pasir Panjang Canal,1.0,10-Nov-22
Common Tern,Pelagic - Straits of Singapore,1.0,21-Sep-19
Common Tern,SG - Batam Ferry,1.0,17-Sep-19
Common Tern,Singapore Strait,1.0,16-Oct-22
Common Tern,Singapore Straits,10.0,18-Sep-16
Common Tern,Singapore Straits,10.0,15-Oct-16
Common Tern,Singapore Straits,10.0,21-Apr-18
Common Tern,Singapore Straits,10.0,30-Sep-18
Common Tern,Singapore Straits,10.0,28-Apr-19
Common Tern,Singapore Straits,10.0,24-Sep-22
Common Tern,Singapore Straits,10.0,23-Sep-23
Common Tern,Singapore Straits,10.0,28-Sep-19
Common Tern,Singapore Straits,10.0,18-Oct-20
Common Tern,Singapore Straits,10.0,26-Oct-20
Common Tern,Singapore Straits,10.0,4-Oct-20
Common Tern,Singapore Waters Pelagic: second hour,1.0,2-May-21
Cotton Pygmy Goose,Bishan-Ang Mo Kio Park,1.0,2-Mar-21
Cotton Pygmy Goose,Hampstead Park,1.0,28-Jan-19
Cotton Pygmy Goose,MacRitchie Reservoir Park,1.0,8-Dec-21
Cotton Pygmy Goose,Singapore Botanic Gardens,1.0,25-Nov-23
Dusky Warbler,Bishan-Ang Mo Kio Park,1.0,13-Jun-23
Dusky Warbler,Sungai Buloh Wetland Reserve,1.0,5-May-23
Eastern Buzzard,Mount Faber Park,2.0,12-Nov-23
Eastern Buzzard,Mount Faber Park,2.0,26-Mar-23
Eastern Imperial Eagle,Mount Faber Park,1.0,8-Nov-22
Eurasian Curlew,Chek Jawa Wetlands,1.0,17-Sep-23
Eurasian Curlew,Marina East Drive,1.0,5-Sep-23
Eurasian Curlew,Mount Faber Park,1.0,24-Oct-23
Eurasian Curlew,P. Tekong,1.0,15-Oct-22
Eurasian Curlew,Pulau Tekong,4.0,5-Aug-16
Eurasian Curlew,Pulau Tekong,4.0,22-Oct-16
Eurasian Curlew,Pulau Tekong,4.0,9-Mar-17
Eurasian Curlew,Pulau Tekong,4.0,13-Oct-18
Eurasian Curlew,Singapore Strait,1.0,23-Sep-23
Eurasian Curlew,Sungei Buloh Wetland Reserve,1.0,11-Oct-18
Eurasian Hobby,Henderson Waves,1.0,23-Oct-20
Eurasian Hobby,Mount Faber Park,1.0,30-Oct-23
Eurasian Sparrowhawk,Henderson Waves,2.0,17-Nov-16
Eurasian Sparrowhawk,Henderson Waves,2.0,26-Nov-17
Eurasian Sparrowhawk,Mapletree Business Park,1.0,10-Nov-22
Eurasian Sparrowhawk,Tampines Eco Green,1.0,11-Mar-18
Eurasian Sparrowhawk,Telok Blangah Hill,1.0,12-Nov-18
Eurasian Wigeon ,Kranji Marshes,1.0,23-Dec-18
Glossy Ibis,Lorong Halus Wetlands,1.0,9-May-22
Great Knot,Marina East Drive,1.0,27-Jan-21
Great Knot,Pulau Tekong,1.0,9-Sep-21
Great Knot,Pulau Ubin,2.0,6-Dec-17
Great Knot,Pulau Ubin,2.0,20-Jan-19
Great Knot,Sungei Buloh Wetland Reserve,1.0,1-Sep-16
Greater Sand Plover,East Coast Park,1.0,3-Sep-17
Greater Sand Plover,Pulau Tekong,3.0,31-Aug-16
Greater Sand Plover,Pulau Tekong,3.0,3-Jan-18
Greater Sand Plover,Pulau Tekong,3.0,3-Feb-20
Greater Sand Plover,Pulau Ubin,2.0,22-Sep-20
Greater Sand Plover,Pulau Ubin,2.0,19-Oct-20
Greater Sand Plover,Seletar Dam,1.0,30-Aug-23
Greater Sand Plover,Seletar Dam (Yishun Dam),2.0,14-Jul-17
Greater Sand Plover,Seletar Dam (Yishun Dam),2.0,7-Sep-17
Greater Sand Plover,Sungai Buloh Wetland Reserve,1.0,11-Sep-22
Greater Sand Plover,Yishun Dam,2.0,14-Aug-22
Greater Sand Plover,Yishun Dam,2.0,4-Sep-22
Green Sandpiper,Sungei Buloh Wetland Reserve,1.0,2-Nov-18
Grey-headed Lapwing,Holland Plain,1.0,27-Feb-23
Grey-headed Lapwing,Kranji Marshes,1.0,23-Oct-16
Grey-headed Lapwing,Marina East Drive,1.0,11-Mar-23
Grey-headed Lapwing,Neo Tiew Harvest Lane,2.0,16-Nov-19
Grey-headed Lapwing,Neo Tiew Harvest Lane,2.0,12-Dec-21
Grey-headed Lapwing,Singapore Botanic Gardens,1.0,16-Nov-15
Grey-headed Swamphen,Kranji Marshes,1.0,29-Aug-17
Grey-tailed Tattler,Pulau Tekong,3.0,2-Aug-21
Grey-tailed Tattler,Pulau Tekong,3.0,11-Aug-18
Grey-tailed Tattler,Pulau Tekong,3.0,14-Aug-18
Grey-tailed Tattler,Pulau Ubin,2.0,8-Dec-17
Grey-tailed Tattler,Pulau Ubin,2.0,20-Jan-19
Grey-tailed Tattler,Seletar Dam,1.0,7-Sep-16
Grey-tailed Tattler,Sungei Buloh Wetland Reserve,1.0,5-Dec-16
Gull-billed Tern,Jurong Lake Gardens,1.0,16-May-23
Gull-billed Tern,Lorong Halus Wetlands,1.0,30-Jun-19
Gull-billed Tern,Marina Barrage,1.0,25-Sep-22
Gull-billed Tern,Pulau Tekong,1.0,1-Oct-16
Gull-billed Tern,Pulau Ubin,1.0,14-Oct-18
Gull-billed Tern,Sea between Changi and Ubin,1.0,7-Sep-22
Gull-billed Tern,Seletar Dam,1.0,10-Sep-21
Gull-billed Tern,Straits of Johor,1.0,18-Sep-19
Gull-billed Tern,Straits of Singapore,2.0,5-May-18
Gull-billed Tern,Straits of Singapore,2.0,21-Sep-19
Gull-billed Tern,Sungei Buloh Wetland Reserve,1.0,8-Sep-21
Gull-billed Tern,Tanah Merah Coast Road,1.0,23-Sep-17
Hair-crested Drongo,Changi Business Park,1.0,26-Nov-19
Himalayan Vulture,Bukit Timah Nature Reserve,2.0,8-Feb-18
Himalayan Vulture,Bukit Timah Nature Reserve,2.0,24-Dec-23
Himalayan Vulture,Dairy Farm Nature Park,2.0,8-Dec-21
Himalayan Vulture,Dairy Farm Nature Park,2.0,10-Jan-20
Himalayan Vulture,Henderson Waves,1.0,14-Jan-24
Himalayan Vulture,Marina East Drive,1.0,30-Jan-21
Himalayan Vulture,Toa Payoh,1.0,5-Jan-16
Himalayan Vulture,Ulu Pandan Park Connector,1.0,15-Jan-24
Himalayan Vulture,West Coast Park,1.0,11-Jan-20
Himalayan/Oriental Cuckoo,Jurong Lake Gardens,1.0,17-Nov-15
Himalayan/Oriental Cuckoo,Kranji Marshes,1.0,21-Nov-18
Horsfield's Bronze Cuckoo,Kranji Marshes,2.0,28-May-17
Horsfield's Bronze Cuckoo,Kranji Marshes,2.0,11-Aug-17
Horsfield's Bronze Cuckoo,Lorong Halus Wetlands,1.0,19-Jul-15
Horsfield's Bronze Cuckoo,Marina Bay,1.0,26-May-18
Horsfield's Bronze Cuckoo,Marina East Drive,1.0,20-Aug-23
Horsfield's Bronze Cuckoo,Punggol End,1.0,24-Jul-17
Horsfield's Bronze Cuckoo,Tampines Eco Green,1.0,27-Jun-15
Horsfield's Bronze Cuckoo,Tuas South,2.0,28-May-15
Horsfield's Bronze Cuckoo,Tuas South,2.0,16-Jul-23
Indian Pond Heron,Bishan-Ang Mo Kio Park,1.0,23-Apr-18
Indian Pond Heron,Gardens by the Bay,1.0,16-Apr-21
Indian Pond Heron,Lorong Halus Wetlands,2.0,22-Apr-22
Indian Pond Heron,Lorong Halus Wetlands,2.0,19-Apr-23
Indian Pond Heron,Marina South Area,1.0,2-May-20
Indian Pond Heron,Pasir Ris Farmway 3,1.0,8-May-16
Indian Pond Heron,Peng Siang river,1.0,29-Mar-22
Japanese Tit,Coney Island,1.0,9-Apr-20
Japanese Tit,Jurong Lake Gardens,1.0,6-Nov-22
Japanese Tit,Tuas South,1.0,15-Nov-19
Japanese/Cinereous Tit ,Kallang River,1.0,16-Feb-20
Javan Pond Heron,Bishan-Ang Mo Kio Park,2.0,8-Apr-19
Javan Pond Heron,Bishan-Ang Mo Kio Park,2.0,4-Apr-21
Javan Pond Heron,Marina Bay East,1.0,29-Mar-20
Javan Pond Heron,Pasir Ris Farmway 1,1.0,18-Mar-23
Large Woodshrike,Jelutong Tower,1.0,22-Oct-18
Lesser Frigatebird,Hampstead Park,1.0,11-Oct-23
Lesser Frigatebird,Johor Straits,1.0,26-Apr-16
Lesser Frigatebird,Marina South Pier,1.0,9-Oct-15
Lesser Frigatebird,Singapore Straits,3.0,26-Apr-15
Lesser Frigatebird,Singapore Straits,3.0,22-Sep-18
Lesser Frigatebird,Singapore Straits,3.0,4-May-19
Lesser Green Leafbird,Bukit Timah Nature Reserve,1.0,15-Oct-17
Lesser Green Leafbird,Central Catchment Nature Reserve,1.0,17-May-17
Lesser Green Leafbird,Pulau Ubin Chek Jawa,1.0,22-Apr-23
Little Grebe,Marina East Drive,1.0,12-Dec-21
Little Grebe,Pasir Ris Farmway 1,2.0,6-Jan-23
Little Grebe,Pasir Ris Farmway 1,2.0,27-Jan-23
Little Grebe,Pulau Ubin,2.0,10-Aug-19
Little Grebe,Pulau Ubin,2.0,20-Mar-20
Little Green Pigeon,Jelutong Tower,1.0,16-Mar-16
Little Green Pigeon,Windsor Nature Park,1.0,12-Oct-18
Little Stint,Pulau Ubin,2.0,21-Sep-17
Little Stint,Pulau Ubin,2.0,13-Dec-20
Long-tailed Jaeger,Singapore Straits,2.0,29-Apr-17
Long-tailed Jaeger,Singapore Straits,2.0,14-Oct-18
Long-toed Stint,Kranji Marshes,1.0,28-Jul-19
Long-toed Stint,Kranji Sanctuary Golf Course,1.0,15-Sep-18
Long-toed Stint,Lim Chu Kang Lane 3,2.0,24-Sep-18
Long-toed Stint,Lim Chu Kang Lane 3,2.0,17-Jan-19
Long-toed Stint,Neo Tiew Harvest Lane,2.0,24-Oct-20
Long-toed Stint,Neo Tiew Harvest Lane,2.0,3-Apr-21
Long-toed Stint,Pulau Tekong,3.0,21-Sep-16
Long-toed Stint,Pulau Tekong,3.0,1-Nov-17
Long-toed Stint,Pulau Tekong,3.0,4-Oct-19
Long-toed Stint,Pulau Ubin,1.0,19-Oct-20
Long-toed Stint,Sungei Buloh Wetland Reserve,2.0,30-Sep-23
Long-toed Stint,Sungei Buloh Wetland Reserve,2.0,8-Oct-18
Long-toed Stint,Tuas South,2.0,6-Oct-21
Long-toed Stint,Tuas South,2.0,13-Oct-22
Malayan Black Magpie,Hindhede Nature Park,1.0,9-Jun-21
Malayan Swamp Babbler,Chek Jawa Wetlands,1.0,9-May-23
Malayan Swamp Babbler,Pasir Ris Park,1.0,23-Jul-23
Mangrove Blue Flycatcher,Bidadari Park,1.0,2-Dec-15
Mangrove Blue Flycatcher,Pulau Ubin,1.0,27-Nov-16
Mangrove Whistler,Changi Bay,1.0,17-Sep-23
Mangrove Whistler,Labrador Nature Reserve,1.0,27-Feb-23
Mangrove Whistler,Marina East Drive,1.0,30-Jul-17
Mangrove Whistler,Pasir Ris Park,1.0,29-Jul-16
Mangrove Whistler,Pulau Hantu,3.0,22-Feb-18
Mangrove Whistler,Pulau Hantu,3.0,21-Mar-18
Mangrove Whistler,Pulau Hantu,3.0,8-Apr-18
Mangrove Whistler,Pulau Semakau,3.0,13-Aug-18
Mangrove Whistler,Pulau Semakau,3.0,22-Nov-18
Mangrove Whistler,Pulau Semakau,3.0,24-Feb-21
Mangrove Whistler,Pulau Ubin,2.0,9-Feb-18
Mangrove Whistler,Pulau Ubin,2.0,6-May-18
Masked Booby,Pan Island Expressway,1.0,30-Aug-18
Narcissus Flycatcher,Bidadari Park,1.0,2-Dec-15
Northern Boobook,Changi Beach Park,1.0,14-Apr-23
Northern Boobook,Changi Business Park,1.0,3-Nov-23
Northern Boobook,Dairy Farm Nature Park,1.0,17-Mar-20
Northern Boobook,Jurong West,1.0,25-Oct-22
Northern Boobook,Mount Faber Park,1.0,3-Jan-24
Northern Boobook,Penjuru Place,1.0,2-Nov-23
Northern Boobook,Punggol Way,1.0,11-Nov-22
Northern Boobook,Republic Polytechnic,1.0,28-Mar-23
Northern Boobook,Satay By The Bay,1.0,28-Mar-22
Northern Boobook,Satay by the Bay,1.0,8-Nov-17
Northern Boobook,Sungei Buloh Wetland Reserve,1.0,13-Apr-22
Northern Boobook,Tampines Eco Green,1.0,23-Apr-22
Northern Boobook,Tanjong Katong,1.0,25-Apr-20
Northern Boobook,Tuas South,6.0,9-Nov-15
Northern Boobook,Tuas South,6.0,17-Nov-15
Northern Boobook,Tuas South,6.0,8-Mar-16
Northern Boobook,Tuas South,6.0,21-Apr-16
Northern Boobook,Tuas South,6.0,6-Nov-18
Northern Boobook,Tuas South,6.0,5-Nov-19
Northern Boobook,Tuas South,6.0,1-Nov-20
Northern Boobook,one-north Park: Biopolis,1.0,1-Nov-21
Northern Pintail,Sungei Buloh Wetland Reserve,2.0,3-Feb-16
Northern Pintail,Sungei Buloh Wetland Reserve,2.0,7-Mar-20
Oriental Darter,Bukit Timah Nature Reserve,1.0,6-Feb-16
Oriental Darter,Central Catchment Nature Reserve,1.0,9-Nov-18
Oriental Darter,Jurong Lake Gardens,1.0,8-Dec-21
Oriental Darter,Kent Ridge Park,1.0,24-Nov-19
Oriental Darter,Pulau Ubin,2.0,14-May-17
Oriental Darter,Pulau Ubin,2.0,4-Jun-17
Oriental Darter,Singapore Quarry,2.0,26-Dec-17
Oriental Darter,Singapore Quarry,2.0,18-Feb-18
Oriental Darter,Sungei Buloh Wetland Reserve,1.0,11-Jun-19
Oriental Plover,Pulau Ubin,1.0,28-Jan-21
Oriental Plover,Tuas South,1.0,7-Oct-22
Oriental Scops Owl,Bukit Brown Cemetery,1.0,25-Nov-22
Oriental Scops Owl,Central Catchment Nature Reserve,1.0,30-Dec-20
Oriental Scops Owl,Jalan Besar Road,1.0,16-Dec-21
Oriental Scops Owl,Jurong East,1.0,23-Nov-19
Oriental Scops Owl,Jurong Island,1.0,12-Mar-21
Oriental Scops Owl,Jurong West,1.0,17-Nov-21
Oriental Scops Owl,MacRitchie Reservoir Park,1.0,23-Jan-20
Oriental Scops Owl,Marina Bay Floating Stage,1.0,26-Feb-22
Oriental Scops Owl,Mimosa Walk,1.0,14-Feb-18
Oriental Scops Owl,Montreal Dr,1.0,9-Nov-20
Oriental Scops Owl,Nanyang Technological University,1.0,31-Oct-22
Oriental Scops Owl,National University of Singapore,1.0,9-Mar-17
Oriental Scops Owl,"New Tech Park, Serangoon",1.0,11-Nov-20
Oriental Scops Owl,Oriole Crescent,1.0,19-Dec-18
Oriental Scops Owl,Pasir Ris Grove,1.0,21-Nov-22
Oriental Scops Owl,People's Park Centre,1.0,8-Dec-22
Oriental Scops Owl,Pulau Ubin,1.0,2-Dec-16
Oriental Scops Owl,Sims Avenue,1.0,25-Oct-22
Oriental Scops Owl,Singapore Botanic Gardens,1.0,29-Oct-22
Oriental Scops Owl,Tampines Eco Green,1.0,20-Nov-22
Oriental Scops Owl,Teck Ghee Neighbourhood,1.0,28-Oct-22
Oriental Scops Owl,Toa Payoh,1.0,2-Nov-22
Oriental Scops Owl,Windsor Nature Park,1.0,4-Feb-23
Oriental Scops Owl,Woodlands Waterfront Park,2.0,21-Nov-22
Oriental Scops Owl,Woodlands Waterfront Park,2.0,26-Nov-22
Oriental Turtle Dove,Lim Chu Kang Lane 3,1.0,4-Feb-23
Oriental Turtle Dove,Rower's Bay Park,1.0,8-Jan-23
Parasitic Jaeger,Singapore Straits,6.0,26-Apr-15
Parasitic Jaeger,Singapore Straits,6.0,14-Oct-17
Parasitic Jaeger,Singapore Straits,6.0,3-Mar-18
Parasitic Jaeger,Singapore Straits,6.0,14-Oct-18
Parasitic Jaeger,Singapore Straits,6.0,4-Nov-18
Parasitic Jaeger,Singapore Straits,6.0,2-May-21
Parasitic Jaeger,Straits of Johor,1.0,8-May-21
Pheasant-tailed Jacana,Central Catchment Nature Reserve,1.0,16-Dec-22
Pheasant-tailed Jacana,Hindhede Nature Park,1.0,15-May-17
Pheasant-tailed Jacana,Kranji Marshes,1.0,10-Dec-16
Pheasant-tailed Jacana,Lower Peirce Reservoir,1.0,19-Nov-23
Pheasant-tailed Jacana,MacRitchie Reservoir Park,1.0,7-May-20
Pheasant-tailed Jacana,Marina East Drive,1.0,30-Dec-21
Pheasant-tailed Jacana,Pasir Ris Park,1.0,12-May-21
Pheasant-tailed Jacana,Pulau Ubin,1.0,30-Oct-22
Pheasant-tailed Jacana,Satay By The Bay,1.0,5-May-19
Pied Harrier,Bukit Timah Nature Reserve,1.0,17-Oct-22
Pied Harrier,Central Catchment Nature Reserve,3.0,28-Oct-22
Pied Harrier,Central Catchment Nature Reserve,3.0,20-Nov-20
Pied Harrier,Central Catchment Nature Reserve,3.0,13-Oct-22
Pied Harrier,Choa Chu Kang Cemetery,1.0,8-Nov-20
Pied Harrier,Henderson Waves,5.0,2-Nov-19
Pied Harrier,Henderson Waves,5.0,4-Nov-19
Pied Harrier,Henderson Waves,5.0,8-Nov-20
Pied Harrier,Henderson Waves,5.0,17-Nov-21
Pied Harrier,Henderson Waves,5.0,30-Oct-23
Pied Harrier,Kent Ridge Park,1.0,3-Nov-19
Pied Harrier,Kranji Marshes,1.0,18-Nov-17
Pied Harrier,Lim Chu Kang Road,1.0,1-Nov-22
Pied Harrier,Mount Faber Park,5.0,28-Oct-22
Pied Harrier,Mount Faber Park,5.0,9-Nov-22
Pied Harrier,Mount Faber Park,5.0,17-Nov-22
Pied Harrier,Mount Faber Park,5.0,20-Nov-22
Pied Harrier,Mount Faber Park,5.0,29-Oct-22
Pied Harrier,Nanyang Technological University,1.0,5-Nov-21
Pied Harrier,Neo Tiew Harvest Lane,3.0,29-Oct-20
Pied Harrier,Neo Tiew Harvest Lane,3.0,6-Nov-22
Pied Harrier,Neo Tiew Harvest Lane,3.0,20-Nov-22
Pied Harrier,Pulau Semakau,1.0,28-Nov-17
Pied Harrier,Sungai Buloh Wetland Reserve,1.0,11-Nov-18
Pied Harrier,Sungei Buloh Wetland Reserve,1.0,26-Nov-21
Pied Harrier,Telok Blangah Hill Park,1.0,15-Nov-17
Pied Harrier,Tuas South,2.0,2-Nov-22
Pied Harrier,Tuas South,2.0,30-Oct-16
Pied Stilt,Marina East Park,1.0,23-May-23
Pied Stilt,Pulau Tekong,2.0,28-Jun-21
Pied Stilt,Pulau Tekong,2.0,14-Jun-22
Red Knot,Chek Jawa Wetlands,1.0,2-Apr-22
Red Knot,Yishun Dam,1.0,6-Sep-21
Red-billed Starling,Sungei Buloh Wetland Reserve,1.0,7-Jan-23
Red-billed Starling,Tampines Eco Green,1.0,27-Dec-15
Red-billed Starling,Turut Track,1.0,12-Dec-21
Red-footed Booby,East Coast Park,1.0,12-Jun-19
Red-footed Booby,Henderson Waves,1.0,22-Oct-23
Red-footed Booby,Marina Barrage,1.0,3-Sep-17
Red-footed Booby,Marina South Pier,1.0,25-May-20
Red-footed Booby,Singapore Straits,2.0,12-Nov-16
Red-footed Booby,Singapore Straits,2.0,4-Oct-20
Red-footed Booby,St. John's Island,1.0,30-Nov-19
Red-necked Phalarope,Pulau Tekong,1.0,8-Oct-16
Red-necked Phalarope,Singapore Straits,1.0,28-Sep-19
Red-throated Pipit,Jurong West,1.0,25-Mar-18
Red-throated Pipit,Lorong Halus Wetlands,1.0,2-Dec-23
Red-throated Pipit,Neo Tiew Harvest Lane,1.0,17-Dec-21
Red-throated Pipit,Seletar Aerospace Drive,2.0,25-Nov-17
Red-throated Pipit,Seletar Aerospace Drive,2.0,16-Jan-20
Red-throated Pipit,Simpang Kiri Park Connector,1.0,1-Feb-20
Rosy Starling,Dempsey Road,1.0,23-Sep-23
Rosy Starling,Laguna National Golf and Country Club,1.0,4-Dec-22
Rosy Starling,Tuas South,1.0,23-Nov-18
Rosy Starling,West Coast Park,1.0,1-Oct-20
Ruby-cheeked Sunbird,Pulau Ubin,2.0,4-Mar-18
Ruby-cheeked Sunbird,Pulau Ubin,2.0,4-Nov-21
Ruby-cheeked Sunbird,Sungei Buloh Wetland Reserve,1.0,14-Oct-20
Ruff,Sungei Buloh Wetland Reserve,1.0,2-Dec-16
Rufous-backed Dwarf Kingfisher,Kent Ridge Park,1.0,27-Jul-20
Rufous-backed Dwarf Kingfisher,Peninsula Plaza,1.0,5-Nov-19
Rufous-bellied Eagle,Bukit Batok Nature Park,2.0,18-Feb-16
Rufous-bellied Eagle,Bukit Batok Nature Park,2.0,23-Apr-16
Rufous-bellied Eagle,Bukit Timah Nature Reserve,1.0,19-Jun-20
Rufous-bellied Eagle,Dairy Farm Nature Park,1.0,22-Dec-15
Rufous-bellied Eagle,Henderson Waves,1.0,22-Oct-22
Rufous-bellied Eagle,Holland Plain,1.0,24-Nov-20
Rufous-bellied Eagle,Kranji Marshes,1.0,9-Dec-21
Rufous-bellied Eagle,Lower Pierce Reservoir,1.0,10-May-22
Rufous-bellied Eagle,MacRitchie Reservoir Park,1.0,16-Sep-15
Rufous-bellied Eagle,Nanyang Technological University,1.0,27-Oct-22
Rufous-bellied Eagle,Pang Sua Park Connector,1.0,30-Oct-18
Rufous-bellied Eagle,Springleaf Nature Park,1.0,31-Mar-16
Rufous-bellied Eagle,Upper Bukit Timah,1.0,6-Oct-15
Sakhalin Leaf Warbler,Bukit Timah Nature Reserve,2.0,30-Nov-22
Sakhalin Leaf Warbler,Bukit Timah Nature Reserve,2.0,6-Nov-23
Sakhalin Leaf Warbler,Central Catchment Nature Reserve,2.0,19-Apr-19
Sakhalin Leaf Warbler,Central Catchment Nature Reserve,2.0,21-Mar-21
Sakhalin Leaf Warbler,Dairy Farm Nature Park,1.0,1-Dec-20
Sakhalin Leaf Warbler,Green Corridor,1.0,10-Dec-20
Sakhalin Leaf Warbler,MacRitchie Reservoir Park,1.0,24-Jan-20
Sakhalin Leaf Warbler,Mandai Track 15,1.0,4-Mar-20
Sakhalin Leaf Warbler,Pasir Ris Park,1.0,10-Dec-22
Sakhalin Leaf Warbler,Pulau Ubin,1.0,27-Jan-21
Sakhalin Leaf Warbler,Singapore Botanic Gardens,1.0,6-Mar-22
Sand Martin,Henderson Waves,1.0,26-Oct-19
Sand Martin,MacRitchie Reservoir Park,1.0,17-Oct-16
Sand Martin,Mount Faber Park,1.0,21-Nov-22
Sand Martin,Neo Tiew Harvest Lane,1.0,13-Apr-21
Sand Martin,Old Upper Thomson Rd,1.0,1-May-17
Sand Martin,Pang Sua Park Connector,1.0,30-Oct-18
Sand Martin,Seletar Aerospace Crescent,1.0,28-Jan-21
Sand Martin,Western Catchment,1.0,11-May-21
Sanderling,Chek Jawa Wetlands,1.0,10-Nov-22
Sanderling,Marina East Drive,1.0,7-Nov-22
Sanderling,Pulau Ubin,2.0,27-Sep-22
Sanderling,Pulau Ubin,2.0,17-Sep-23
Sanderling,Pulau Ubin: Chek Jawa,2.0,20-Jan-19
Sanderling,Pulau Ubin: Chek Jawa,2.0,14-Dec-20
Scarlet Minivet,Goldhill,1.0,25-Feb-21
Scarlet-breasted Flowerpecker,Bukit Timah Nature Reserve,1.0,29-Nov-21
Shikra,Jelutong Tower,1.0,21-Nov-19
Shikra,Mount Faber Park,1.0,27-Oct-22
Short-eared Owl,Tanah Merah Coast Road,1.0,29-Nov-19
Short-tailed Shearwater,Kusu Island,4.0,24-Apr-21
Short-tailed Shearwater,Kusu Island,4.0,16-May-21
Short-tailed Shearwater,Kusu Island,4.0,22-May-21
Short-tailed Shearwater,Kusu Island,4.0,29-May-21
Short-tailed Shearwater,Singapore Straits,6.0,7-May-16
Short-tailed Shearwater,Singapore Straits,6.0,7-May-17
Short-tailed Shearwater,Singapore Straits,6.0,5-May-18
Short-tailed Shearwater,Singapore Straits,6.0,28-Apr-19
Short-tailed Shearwater,Singapore Straits,6.0,4-May-19
Short-tailed Shearwater,Singapore Straits,6.0,19-May-19
Short-tailed Shearwater,Singapore Straits,6.0,25-Apr-21
Short-tailed Shearwater,Singapore Waters Pelagic: third hour,1.0,2-May-21
Short-toed Snake Eagle,Changi Business Park,1.0,5-Dec-18
Short-toed Snake Eagle,Gardens by the Bay,1.0,11-Nov-22
Short-toed Snake Eagle,Henderson Waves,2.0,20-Nov-18
Short-toed Snake Eagle,Henderson Waves,2.0,4-Nov-23
Short-toed Snake Eagle,Mount Faber Park,2.0,5-Nov-23
Short-toed Snake Eagle,Mount Faber Park,2.0,13-Nov-23
Short-toed Snake Eagle,Pinnacle@Duxton,1.0,9-Nov-23
Short-toed Snake Eagle,Southern Ridges,1.0,11-Nov-23
Short-toed Snake Eagle,Sungei Tengah,1.0,7-Nov-22
Short-toed Snake Eagle,Sungei Ulu Pandan Park Connector,1.0,6-Nov-19
Short-toed Snake Eagle,Telok Blangah,1.0,2-Nov-22
Siberian House Martin,Marina East Drive,1.0,28-Dec-21
Siberian House Martin,Neo Tiew Harvest Lane,1.0,3-Jan-21
Siberian Thrush,Bidadari Park,1.0,7-Nov-15
Siberian Thrush,Bukit Timah Nature Reserve,2.0,28-Apr-17
Siberian Thrush,Bukit Timah Nature Reserve,2.0,17-Nov-20
Siberian Thrush,Central Catchment Nature Reserve,2.0,18-Nov-20
Siberian Thrush,Central Catchment Nature Reserve,2.0,9-Nov-18
Siberian Thrush,Chestnut Nature Park,1.0,10-Nov-20
Siberian Thrush,Dairy Farm Nature Park,3.0,7-Jan-16
Siberian Thrush,Dairy Farm Nature Park,3.0,1-Dec-19
Siberian Thrush,Dairy Farm Nature Park,3.0,11-Apr-21
Siberian Thrush,Hindhede Nature Park,2.0,8-Nov-16
Siberian Thrush,Hindhede Nature Park,2.0,28-Nov-21
Siberian Thrush,Tanglin Trust School,1.0,13-Nov-18
Siberian Thrush,Thomson Nature Park,1.0,31-Oct-19
Siberian Thrush,Tuas South,1.0,6-Nov-16
Silver-backed Needletail,Bukit Timah Nature Reserve,5.0,30-Oct-19
Silver-backed Needletail,Bukit Timah Nature Reserve,5.0,8-Nov-19
Silver-backed Needletail,Bukit Timah Nature Reserve,5.0,16-Nov-20
Silver-backed Needletail,Bukit Timah Nature Reserve,5.0,18-Nov-20
Silver-backed Needletail,Bukit Timah Nature Reserve,5.0,27-Oct-21
Silver-backed Needletail,Central Catchment Nature Reserve,2.0,26-Oct-18
Silver-backed Needletail,Central Catchment Nature Reserve,2.0,5-Nov-21
Silver-backed Needletail,Henderson Waves,2.0,6-Nov-21
Silver-backed Needletail,Henderson Waves,2.0,13-Nov-22
Silver-backed Needletail,Mount Faber Park,2.0,4-Nov-22
Silver-backed Needletail,Mount Faber Park,2.0,4-Nov-22
Slaty-legged Crake,Jurong Island,1.0,21-Nov-15
Slaty-legged Crake,Kang Ching Road,1.0,21-Nov-20
Slaty-legged Crake,Rochor River,1.0,18-Dec-22
Slaty-legged Crake,Sentosa,1.0,5-Dec-16
Streaked Bulbul,Bukit Timah Nature Reserve,2.0,18-Jul-15
Streaked Bulbul,Bukit Timah Nature Reserve,2.0,14-Feb-16
Streaked Bulbul,Dairy Farm Nature Park,2.0,28-Nov-15
Streaked Bulbul,Dairy Farm Nature Park,2.0,2-Jan-17
Streaked Bulbul,Pulau Ubin,4.0,25-Jul-15
Streaked Bulbul,Pulau Ubin,4.0,25-Dec-19
Streaked Bulbul,Pulau Ubin,4.0,5-Nov-21
Streaked Bulbul,Pulau Ubin,4.0,12-Nov-21
Swinhoe's Snipe,Changi Business Park,1.0,16-Dec-21
Swinhoe's Snipe,Jurong West,1.0,1-Jan-18
Swinhoe's Snipe,Neo Tiew Harvest Lane,1.0,19-Apr-20
Taiga Flycatcher,Jurong Lake Gardens,1.0,1-Nov-22
Tufted Duck,Kranji Marshes,1.0,9-Dec-23
Tufted Duck,Marsiling Park,1.0,12-Dec-20
Verditer Flycatcher,Dairy Farm Nature Park,1.0,9-Oct-17
Wedge-tailed Shearwater,Bishan-Ang Mo Kio Park,1.0,23-Jun-21
White Wagtail,Bishan-Ang Mo Kio Park,2.0,27-Dec-15
White Wagtail,Bishan-Ang Mo Kio Park,2.0,30-Jan-21
White Wagtail,Harvest Link,1.0,9-Jan-20
White Wagtail,Kallang River,1.0,18-Dec-23
White Wagtail,Pasir Panjang,1.0,21-Dec-21
White Wagtail,Sembawang Wagtail Roost,2.0,6-Nov-17
White Wagtail,Sembawang Wagtail Roost,2.0,2-Dec-17
White Wagtail,Yishun Dam,2.0,12-Oct-18
White Wagtail,Yishun Dam,2.0,2-Feb-20
White's Thrush,Singapore Botanic Gardens,1.0,23-Nov-23
White-faced Plover,Marina Bay,2.0,5-Mar-15
White-faced Plover,Marina Bay,2.0,11-Mar-17
White-faced Plover,Marina East Drive,1.0,4-Feb-23
White-tailed Tropicbird,Tuas South,1.0,22-Jun-15
White-throated Needletail,Bukit Timah Nature Reserve,9.0,20-Oct-22
White-throated Needletail,Bukit Timah Nature Reserve,9.0,9-Nov-21
White-throated Needletail,Bukit Timah Nature Reserve,9.0,8-Nov-19
White-throated Needletail,Bukit Timah Nature Reserve,9.0,1-Apr-20
White-throated Needletail,Bukit Timah Nature Reserve,9.0,11-Nov-20
White-throated Needletail,Bukit Timah Nature Reserve,9.0,16-Nov-20
White-throated Needletail,Bukit Timah Nature Reserve,9.0,27-Oct-21
White-throated Needletail,Bukit Timah Nature Reserve,9.0,27-Oct-21
White-throated Needletail,Bukit Timah Nature Reserve,9.0,29-Oct-21
White-throated Needletail,Bukit Timah Nature Reserve,9.0,8-Oct-23
White-throated Needletail,Central Catchment Nature Reserve,2.0,25-Oct-17
White-throated Needletail,Central Catchment Nature Reserve,2.0,1-Nov-19
White-throated Needletail,Henderson Waves,10.0,19-Oct-17
White-throated Needletail,Henderson Waves,10.0,31-Oct-17
White-throated Needletail,Henderson Waves,10.0,28-Oct-18
White-throated Needletail,Henderson Waves,10.0,14-Nov-19
White-throated Needletail,Henderson Waves,10.0,17-Oct-20
White-throated Needletail,Henderson Waves,10.0,30-Oct-20
White-throated Needletail,Henderson Waves,10.0,8-Nov-20
White-throated Needletail,Henderson Waves,10.0,12-Nov-20
White-throated Needletail,Henderson Waves,10.0,14-Nov-20
White-throated Needletail,Henderson Waves,10.0,17-Nov-20
White-throated Needletail,Henderson Waves,10.0,6-Nov-21
White-throated Needletail,Henderson Waves,10.0,13-Nov-22
White-throated Needletail,Jelutong Tower,2.0,10-Mar-21
White-throated Needletail,Jelutong Tower,2.0,29-Sep-23
White-throated Needletail,Mount Faber Park,3.0,16-Oct-21
White-throated Needletail,Mount Faber Park,3.0,12-Nov-22
White-throated Needletail,Mount Faber Park,3.0,4-Nov-22
White-throated Needletail,Sentosa,1.0,24-Mar-20
White-throated Needletail,Singapore Quarry,1.0,7-Nov-21
White-throated Needletail,SkyParc@Dawson,1.0,31-Oct-20
White-throated Needletail,Telok Blangah Hill Park,1.0,3-Nov-18
White-throated Needletail,The Raintree,1.0,8-Nov-21
Yellow-vented Flowerpecker,Bukit Timah Nature Reserve,3.0,14-Feb-16
Yellow-vented Flowerpecker,Bukit Timah Nature Reserve,3.0,29-Oct-19
Yellow-vented Flowerpecker,Bukit Timah Nature Reserve,3.0,16-Nov-19
Yellow-vented Flowerpecker,Dairy Farm Nature Park,1.0,26-Sep-15
Yellow-vented Flowerpecker,Lower Peirce Reservoir,1.0,9-Jul-16
Zappey's Flycatcher,Bidadari Park,1.0,2-Nov-15
Zappey's Flycatcher,Tampines Eco Green,1.0,16-Mar-22
Zappey's Flycatcher,Tuas South,1.0,12-Nov-16
